dd,mm,zz,pp,departamento,municipio,punto de votacion,mujeres,hombres,total,mesas,comuna,dirección
15,004,00,01,CUNDINAMARCA,AGUA DE DIOS,IED SALESIANO MIGUEL UNIA,3530,3140,6670,20,,CR 8 NO 13-22 BARRIO CENTRO
15,004,00,02,CUNDINAMARCA,AGUA DE DIOS,CEN. CULTURAL ARMANDO RODRIGUEZ JIMENEZ,1670,1661,3331,10,,CALLE 13 NUM 9 50 CENTRO
15,007,00,00,CUNDINAMARCA,ALBAN,PUESTO CABECERA MUNICIPAL,2535,2665,5200,16,,CALLE 3 CON CARRERA 2 ESQ.
15,007,99,01,CUNDINAMARCA,ALBAN,COLEGIO CHIMBE,190,155,345,1,,VEREDA CHIMBE
15,010,00,01,CUNDINAMARCA,ANAPOIMA,POLIDEPORTIVO JULIO CESAR SANCHEZ,3806,3873,7679,23,,UNID. DEPORTIVA JULIO CESAR SA
15,010,00,02,CUNDINAMARCA,ANAPOIMA,CASA DE LA CULTURA,1490,1609,3099,10,,Cra 2 No 2 22 centro
15,010,99,01,CUNDINAMARCA,ANAPOIMA,LA PAZ,730,711,1441,4,,I.E DPTAL. PATIO BONITO
15,010,99,02,CUNDINAMARCA,ANAPOIMA,SAN ANTONIO,590,678,1268,4,,I.E.R.D SAN ANTONIO
15,013,00,00,CUNDINAMARCA,ANOLAIMA,PUESTO CABECERA MUNICIPAL,4496,4981,9477,29,,POLIDEPORTIVO MUNICIPAL
15,013,99,05,CUNDINAMARCA,ANOLAIMA,LA FLORIDA,845,866,1711,5,,SALÓN COMUNAL BARRIO CENTRO
15,013,99,07,CUNDINAMARCA,ANOLAIMA,CORRALEJAS,95,95,190,1,,SALON COMUNAL
15,013,99,09,CUNDINAMARCA,ANOLAIMA,REVENTONES,428,545,973,3,,SALON COMUNAL DE REVENTONES
15,016,00,01,CUNDINAMARCA,ARBELAEZ,CTRO COLISEO RAFAEL DIONISIO PARRA REYES,4637,4770,9407,29,,CLL 8 # 8-44 BA. CENTRO COLISEO RAFAEL DIONISIO P.
15,016,00,02,CUNDINAMARCA,ARBELAEZ,IE DEPARTAMENTAL JOHN F. KENNEDY,258,278,536,2,,AV. 7 # 9 - 101
15,019,00,00,CUNDINAMARCA,BELTRAN,PUESTO CABECERA MUNICIPAL,395,506,901,3,,ESC. MANUELA BELTRAN
15,019,99,01,CUNDINAMARCA,BELTRAN,PAQUILO,518,513,1031,3,,IE. JAIME DE NARVAEZ
15,019,99,50,CUNDINAMARCA,BELTRAN,PUERTO DE GRAMALOTAL,165,181,346,1,,ESC. RURAL JAIME DE NARVAEZ
15,022,00,00,CUNDINAMARCA,BITUIMA,PUESTO CABECERA MUNICIPAL,1193,1499,2692,9,,COL. JOSE MARIA VERGARA Y V
15,022,99,20,CUNDINAMARCA,BITUIMA,LA PLAZUELA,39,80,119,1,,I.E.D. JOSE MARIA VERGARA Y V SD PAJITAS
15,022,99,21,CUNDINAMARCA,BITUIMA,BOQUERON DE ILO (VDA RINCON SANTO),98,114,212,1,,SALON COMUNAL BOQUERON DE ILO
15,025,00,00,CUNDINAMARCA,BOJACA,PUESTO CABECERA MUNICIPAL,3787,3732,7519,23,,COLEGIO DEPARTAMENTAL NUESTRA SEÑORA DE LA GRACIA
15,029,00,00,CUNDINAMARCA,CABRERA,PUESTO CABECERA MUNICIPAL,1612,1967,3579,11,,CLL 4 No 1 - 00
15,029,99,80,CUNDINAMARCA,CABRERA,SALON COMUNAL,42,66,108,1,,PARQUE PRINCIPAL
15,030,00,00,CUNDINAMARCA,CACHIPAY,PUESTO CABECERA MUNICIPAL,4280,4576,8856,27,,CLL 3 No 5- 39 POLIDEPORTIVO MUNICIPAL
15,030,99,50,CUNDINAMARCA,CACHIPAY,PEÑA NEGRA,518,591,1109,4,,SALON COMUNAL PEÑA NEGRA
15,031,01,01,CUNDINAMARCA,CAJICA,ESCUELA EL MISTERIO,2699,3282,5981,18,,VEREDA RIO GRANDE SECTOR EL MISTERIO
15,031,01,02,CUNDINAMARCA,CAJICA,COLEGIO RINCON SANTO,2405,3985,6390,20,,VDA RIO GRANDE SECTOR RINCON SANTO
15,031,01,03,CUNDINAMARCA,CAJICA,COLEGIO PABLO HERRERA,3682,3465,7147,22,,VDA CHUNTAME
15,031,01,04,CUNDINAMARCA,CAJICA,I.E.D CAPELLANIA,1572,1279,2851,9,,CALLE 2 CARRERA 6 BARRIO LA CAPELLANIA
15,031,02,01,CUNDINAMARCA,CAJICA,COLISEO FORTALEZA DE PIEDRA,4756,1401,6157,19,,DIAGONAL 2 SUR COLISEO FORTALEZA DE PIEDRA
15,031,02,02,CUNDINAMARCA,CAJICA,CENTRO CULTURAL CAJICA,4814,3901,8715,27,,CALLE 1 No. 3E - 60 CENTRO CULTURAL DE CAJICA
15,031,02,03,CUNDINAMARCA,CAJICA,COLEGIO ANTONIO NARIÑO,3853,4295,8148,25,,VEREDA CANELON
15,031,02,04,CUNDINAMARCA,CAJICA,SALON COMUNAL LAS PALMAS,3004,1743,4747,15,,VEREDA CANELON SECTOR RIO FRIO LA PALMA
15,031,02,05,CUNDINAMARCA,CAJICA,SALON COMUNAL BARRIO GRANJITAS,991,812,1803,6,,CALLE 6A No. 9 E - 29 BARRIO GRAJITAS
15,031,02,06,CUNDINAMARCA,CAJICA,IED POMPILIO MARTINEZ,2696,2883,5579,17,,CARRERA 6A NO 1 47 SUR
15,031,02,07,CUNDINAMARCA,CAJICA,CLUB EDAD DE ORO,3411,3230,6641,20,,CARRERA 2 NO 1 SUR  2A SUR  226
15,031,02,08,CUNDINAMARCA,CAJICA,IE DEPARTAMENTAL SAN GABRIEL,473,409,882,3,,"CRA 6 # 7-138 SUR SECTOR EL CORTIJO,CANELON"
15,034,00,00,CUNDINAMARCA,CAPARRAPI,PUESTO CABECERA MUNICIPAL,2996,3379,6375,20,,PLAZA DE MERCADO
15,034,99,01,CUNDINAMARCA,CAPARRAPI,CAMBRAS,41,58,99,1,,ESC. RURAL
15,034,99,02,CUNDINAMARCA,CAPARRAPI,CANCHIMAY,86,155,241,1,,ESC. RURAL
15,034,99,03,CUNDINAMARCA,CAPARRAPI,CACERES,47,59,106,1,,ESC. RURAL
15,034,99,04,CUNDINAMARCA,CAPARRAPI,CORDOBA,80,116,196,1,,ESC. RURAL
15,034,99,05,CUNDINAMARCA,CAPARRAPI,EL CAMBULO,198,289,487,2,,CENTRO DE ACOPIO
15,034,99,06,CUNDINAMARCA,CAPARRAPI,EL DINDAL,208,247,455,2,,ESC. RURAL
15,034,99,07,CUNDINAMARCA,CAPARRAPI,LA AZAUNCHA,129,189,318,1,,POLIDEPORTIVO AZAUNCHA
15,034,99,08,CUNDINAMARCA,CAPARRAPI,SAN CARLOS,420,575,995,3,,CENTRO DE DESARROLLO COMUNITARIO
15,034,99,09,CUNDINAMARCA,CAPARRAPI,SAN PEDRO,467,575,1042,3,,SALON COMUNAL SAN PABLO
15,034,99,10,CUNDINAMARCA,CAPARRAPI,TATI,136,182,318,1,,CASETA COMUNAL
15,034,99,11,CUNDINAMARCA,CAPARRAPI,SAN RAMON ALTO,147,181,328,1,,ESC. RURAL
15,037,00,01,CUNDINAMARCA,CAQUEZA,COLISEO GERMAN ROJAS URREGO,4650,4924,9574,29,,CALLE 5 # 3-55 ESQUINA
15,037,00,02,CUNDINAMARCA,CAQUEZA,CONCENTRACION MARILANDA,2632,2740,5372,17,,ESQUINA CLL 5 CON CRA 3 (VIA AL CERRO DE MONRUTA)
15,037,98,01,CUNDINAMARCA,CAQUEZA,CARCEL,4,7,11,1,,CLL 2 No 4-30 PARQUE PRINCIPAL ALCALDIA CAQUEZA
15,037,99,01,CUNDINAMARCA,CAQUEZA,SALON COMUNAL GIRON DE BLANCOS,62,77,139,1,,VEREDA GIRON DE BLANCOS ZONA COLEGIO
15,040,00,00,CUNDINAMARCA,CARMEN DE CARUPA,PUESTO CABECERA MUNICIPAL,2707,3006,5713,18,,POLIDEPORTIVO MUNICIPAL
15,040,99,01,CUNDINAMARCA,CARMEN DE CARUPA,HATO,284,343,627,2,,SALON MULTIPLE INSPECCION HATO
15,040,99,02,CUNDINAMARCA,CARMEN DE CARUPA,SUCRE (CAPILLA DE SUCRE),70,94,164,1,,SALON MULTIPLE INSPECCION SUCRE
15,043,00,01,CUNDINAMARCA,COGUA,COLEGIO LAS VILLAS,5600,5251,10851,33,,COL. LAS VILLAS
15,043,00,02,CUNDINAMARCA,COGUA,POLIDEPORTIVO MUNICIPAL,2802,2938,5740,18,,COGUA SECTOR LOS SAUCES
15,043,99,01,CUNDINAMARCA,COGUA,VEREDA LA PLAZUELA,159,128,287,1,,VEREDA LA PLAZUELA CENTRO POBLADO
15,046,01,01,CUNDINAMARCA,COTA,IED ENRIQUE PARDO PARRA SD BACHILLERATO,3998,4434,8432,26,,VEREDA LA MOYA CAMELLON DE LAS FLORES
15,046,01,02,CUNDINAMARCA,COTA,IE DEPARTAMENTAL CAMILO TORRES,5660,3141,8801,27,,CARRERA 3 B CALLE 12 ESQUINA
15,046,01,03,CUNDINAMARCA,COTA,IE DEPARTAMENTAL PARCELAS,947,2270,3217,10,,VEREDA PARCELAS SECTOR EL RESBALON
15,046,02,01,CUNDINAMARCA,COTA,I.E.PUEBLO VIEJO,2752,3085,5837,18,,VEREDA PUEBLO VIEJO
15,046,02,02,CUNDINAMARCA,COTA,I.E LA MOYA,2367,2506,4873,15,,VEREDA LA MOYA
15,049,00,01,CUNDINAMARCA,CUCUNUBA,POLIDEPORTIVO MUNICIPAL,1913,2040,3953,12,,POLIDEPORTIVO MUNICIPAL
15,049,00,02,CUNDINAMARCA,CUCUNUBA,CENTRO  INTERACTIVO CULTURAL CILAB,477,423,900,3,,CRA 4 No 4-49
15,049,99,40,CUNDINAMARCA,CUCUNUBA,PEÑAS (LA PLUMA),254,287,541,2,,SALON COMUNAL PEÑAS
15,052,00,00,CUNDINAMARCA,CHAGUANI,PUESTO CABECERA MUNICIPAL,1835,2259,4094,13,,CENTRO DE INTEGRACION CIUDADANA CIC CLL 1 No 4-39
15,055,01,01,CUNDINAMARCA,CHIA,INST. EDUC. DIVERSIFICADA SANTA LUCIA,5176,4050,9226,28,,CALLE 4 No 10-94
15,055,01,02,CUNDINAMARCA,CHIA,COLEGIO NACIONAL DIVERSIFICADO,4872,6021,10893,33,,CARRERA 6 No 8-18
15,055,01,03,CUNDINAMARCA,CHIA,COLEGIO STELLA MATUTINA,4102,2447,6549,20,,CARRERA 10  No. 6-53
15,055,01,04,CUNDINAMARCA,CHIA,COLEGIO MARIA AUXILIADORA,3118,3797,6915,21,,CRA 9 No 10-51
15,055,01,05,CUNDINAMARCA,CHIA,VEREDA LA BALSA,1295,1176,2471,8,,INSTITUCION EDUCATIVA LA BALSA
15,055,01,06,CUNDINAMARCA,CHIA,INSTITUCION EDUCATIVA CERCA DE PIEDRA,1113,1030,2143,7,,VEREDA CERCA DE PIEDRA KILOMETRO 2 VIA CHIA - COTA
15,055,01,07,CUNDINAMARCA,CHIA,INSTITUCION EDUCATIVA FONQUETA,706,608,1314,4,,VEREDA FONQUETA VIA LA VALVANERA
15,055,01,08,CUNDINAMARCA,CHIA,IE JOSE ESCRIVA DE BALAGUER SEDE SAMARIA,968,795,1763,6,,CALLE 6 B NUMERO 4 A ESTE 31 VEREDA SAMARIA
15,055,02,01,CUNDINAMARCA,CHIA,COLISEO DE LA LUNA,5296,3739,9035,28,,AVENIDA PRADILLA No. 6 - 84
15,055,02,02,CUNDINAMARCA,CHIA,IE JOSE ESCRIVA BALAGUER,4324,3386,7710,24,,CRA 2 ESTE No 23 -17 VEREDA BOJACA
15,055,02,03,CUNDINAMARCA,CHIA,UNIVERSIDAD DE CUNDINAMARCA,5068,4032,9100,28,,VEREDA BOJACA SECTOR EL CUARENTA
15,055,02,04,CUNDINAMARCA,CHIA,IE EL CERRO,862,974,1836,6,,VEREDA YERBABUENA
15,055,02,05,CUNDINAMARCA,CHIA,CONCHA ACUSTICA,5045,5826,10871,33,,CALLE 17 No. 8 - 14
15,055,02,06,CUNDINAMARCA,CHIA,INST. EDUCATIVA FAGUA SECTOR TIQUIZA,1583,1460,3043,10,,VEREDA TIQUIZA SECTOR EL COLEGIO
15,055,02,07,CUNDINAMARCA,CHIA,CENTRO COMERCIAL FONTANAR,4564,3746,8310,25,,VIA CHIA  CAJICA KILOMETRO 2 5 HACIENDA FONTANAR
15,055,02,08,CUNDINAMARCA,CHIA,INSTITUCION EDUCATIVA DIOSA CHIA,751,621,1372,5,,CLL 29 No 10-49 VEREDA BOJACA
15,055,02,09,CUNDINAMARCA,CHIA,COLEGIO JOSE JOAQUIN CASAS,1979,1817,3796,12,,AVENIDA CALLE 18
15,055,02,10,CUNDINAMARCA,CHIA,COLEGIO CELESTIN FREINET,1985,2187,4172,13,,CARRERA 8 No 5 24 BARRIO LOS ZIPAS
15,055,02,11,CUNDINAMARCA,CHIA,CENTRO  COMERCIAL CENTRO CHIA,1546,1220,2766,9,,AV. PRADILLA # 9-00
15,055,02,12,CUNDINAMARCA,CHIA,CENTRO CULTURAL Y ARTISTICO JUMBO,1451,1078,2529,8,,CRA 03 ESTE - FRENTE PARQUEADERO JUMBO
15,055,02,13,CUNDINAMARCA,CHIA,UNIDAD DEPORTIVA LA LORENA,342,293,635,2,,AV CHILACOS CON CLL 5
15,055,02,14,CUNDINAMARCA,CHIA,UNIDAD DEPORTIVA FAGUA,221,206,427,2,,VEREDA FAGUA
15,055,90,01,CUNDINAMARCA,CHIA,INST.EDUC.LAURA VICUÑA,7019,6705,13724,28,,CLL 12 No 7-31
15,058,00,00,CUNDINAMARCA,CHIPAQUE,PUESTO CABECERA MUNICIPAL,4150,4474,8624,26,,CARRERA 5a. CALLES 2a. Y 3a.
15,061,00,01,CUNDINAMARCA,CHOACHI,IED IGNACIO PESCADOR,4875,5054,9929,30,,CLL 1 # 1-59 ESTE
15,061,00,02,CUNDINAMARCA,CHOACHI,COLISEO POLIDEPORTIVO EL BOSQUE,772,834,1606,5,,CRA 2 No 6 -39
15,061,99,01,CUNDINAMARCA,CHOACHI,EL ALTO DEL PALO,187,194,381,2,,SALON COMUNAL ALTO DEL PALO
15,061,99,02,CUNDINAMARCA,CHOACHI,POTRERO GRANDE,163,162,325,1,,SALON COMUNAL POTRERO GRANDE
15,064,00,01,CUNDINAMARCA,CHOCONTA,IED AGROINDUSTRIAL SANTIAGO DE CHOCONTA,5655,5588,11243,34,,CRA 4 CLL 10 ESQUINA
15,064,00,02,CUNDINAMARCA,CHOCONTA,IED RUFINO CUERVO,2890,2946,5836,18,,CRA 4 No 11A-9
15,064,98,01,CUNDINAMARCA,CHOCONTA,CARCEL,3,25,28,1,,CRA 5# 5 - 31
15,067,00,01,CUNDINAMARCA,EL COLEGIO,ESC. URB. FRANCISCO JULIAN OLAYA,5283,4033,9316,28,,CLL 10 # 8B-31
15,067,00,02,CUNDINAMARCA,EL COLEGIO,VILLA OLIMPICA,3586,3795,7381,23,,CLL 8 No 10 - 119
15,067,00,03,CUNDINAMARCA,EL COLEGIO,JARDIN INFANTIL DEPTAL CARLOS JIMENEZ G.,438,1517,1955,6,,CLL 7 # 8-106
15,067,99,01,CUNDINAMARCA,EL COLEGIO,EL TRIUNFO,794,807,1601,5,,IED EL TRIUNFO CLL 2 # 1-00
15,067,99,05,CUNDINAMARCA,EL COLEGIO,IED LA VICTORIA,1150,1245,2395,7,,VEREDA EL CARMELO
15,067,99,09,CUNDINAMARCA,EL COLEGIO,INSPECCION PRADILLA SALON COMUNAL,650,679,1329,4,,KR 3 N 3-11 SALON COMUNAL
15,070,00,00,CUNDINAMARCA,EL PEÑON,PUESTO CABECERA MUNICIPAL,1384,1693,3077,10,,CRA 3 No 2 - 29 IED POLICARPA SALAVARRIETA
15,070,99,01,CUNDINAMARCA,EL PEÑON,GUAYABAL DE TOLEDO,224,297,521,2,,GUAYABAL DE TOLEDO
15,070,99,05,CUNDINAMARCA,EL PEÑON,TALAUTA,489,566,1055,3,,IED TALAUTA
15,072,01,01,CUNDINAMARCA,EL ROSAL,COLISEO MUNICIPAL,4671,4656,9327,28,,COLISEO SECTOR URBANO
15,072,01,02,CUNDINAMARCA,EL ROSAL,IED CAMPO ALEGRE,430,433,863,3,,VEREDA PUERTA DE CUERO VIA EL ROSAL MADRID
15,072,02,01,CUNDINAMARCA,EL ROSAL,MEGA COLEGIO,4688,4901,9589,29,,CALLE 13A ENTRE CRA 6 Y 8 BARRIO SAN CARLOS
15,072,02,02,CUNDINAMARCA,EL ROSAL,ESCUELA RURAL LA PIÑUELA,218,95,313,1,,ESCUELA RURAL LA PIÑUELA - VEREDA LA PIÑUELA
15,076,01,01,CUNDINAMARCA,FACATATIVA,COLEGIO DEPTAL CARTAGENITA,3616,3833,7449,23,,TV. 2 SUR NO 1A - 105
15,076,01,02,CUNDINAMARCA,FACATATIVA,COLEGIO MANABLANCA,1414,1431,2845,9,,SECTOR 2 MANABLANCA
15,076,01,03,CUNDINAMARCA,FACATATIVA,COLEGIO JOHN F. KENNEDY,4375,3687,8062,25,,KR 2 ESTE NO 1-70
15,076,01,04,CUNDINAMARCA,FACATATIVA,CENTRO DE DESARROLLO SOCIAL,1042,4319,5361,17,,KR 2 CL 1 EQ
15,076,01,05,CUNDINAMARCA,FACATATIVA,COLEGIO SAN AGUSTIN,1672,3603,5275,16,,KR 4 # 1 - 87
15,076,01,06,CUNDINAMARCA,FACATATIVA,COLEGIO SILVERIA ESPINOSA,3184,2835,6019,19,,CL 18B NO 4 - 21
15,076,01,07,CUNDINAMARCA,FACATATIVA,EL PORTAL DE TUS SUEÑOS,1734,1648,3382,11,,CALLE 21C  # 1 -25  SUR
15,076,01,08,CUNDINAMARCA,FACATATIVA,ESC. PRIM. SD SAN CRIST. JOHN F KENNEDY,474,435,909,3,,CRA 1 A SUR No 10A - 04
15,076,01,09,CUNDINAMARCA,FACATATIVA,COLEGIO SD MOLINOS - MANUELA AYALA,247,281,528,2,,CRA 4 No 14 - 40
15,076,01,10,CUNDINAMARCA,FACATATIVA,COL. CARTAGENITA BLOQUE D SEDE PRIMARIA,731,794,1525,5,,TRANSVERSAL 3 SUR No 3 A SUR 15
15,076,01,11,CUNDINAMARCA,FACATATIVA,CTRO DE DISCAPACIDAD MANUEL GONZALEZ C.,72,70,142,1,,CRA 1 No 13-28
15,076,02,01,CUNDINAMARCA,FACATATIVA,INSTITUTO  TECNICO  INDUSTRIAL,4945,3294,8239,25,,KR 5 # 9 - 45
15,076,02,02,CUNDINAMARCA,FACATATIVA,ESCUELA RAFAEL POMBO,4513,2481,6994,21,,CRA 3 No 8 - 134
15,076,02,03,CUNDINAMARCA,FACATATIVA,COLEGIO MANUELA AYALA DE GAITAN,5203,3782,8985,27,,KR 10 CL 15 ESQ
15,076,02,04,CUNDINAMARCA,FACATATIVA,COLEGIO SANTA RITA,5365,3286,8651,26,,KR 10 # 9 - 50
15,076,02,05,CUNDINAMARCA,FACATATIVA,COLEGIO NACIONAL EMILIO CIFUENTES,4445,4324,8769,27,,CRA 11 CLL 2
15,076,02,06,CUNDINAMARCA,FACATATIVA,INDUSTRIAL SEDE TALLERES,3452,3196,6648,20,,PIEDRAS DEL TUNJO SECTOR 19 SECTOR 800
15,076,02,07,CUNDINAMARCA,FACATATIVA,CTRO EDU LA CONCEPCION,1432,1246,2678,9,,CRA 14 CLL 13 ESQ
15,076,02,08,CUNDINAMARCA,FACATATIVA,UNIVERSIDAD CUNDINAMARCA,1199,1204,2403,8,,CLL 15 No 17 - 44
15,076,02,09,CUNDINAMARCA,FACATATIVA,COLEGIO ARBOLEDA SEDE ARBOLEDA,946,777,1723,6,,CRA 7 A No 3 - 22 ESTE
15,076,02,10,CUNDINAMARCA,FACATATIVA,COLEGIO ARBOLEDA S  JUAN PABLO II,3194,3495,6689,21,,DIAGONAL 5 ESTE No 9 - 16
15,076,98,01,CUNDINAMARCA,FACATATIVA,CTRO RECLUSION POLICIA NAL,0,7,7,1,,VEREDA SANTA MARTA
15,076,99,01,CUNDINAMARCA,FACATATIVA,COLEGIO JUAN XXIII,331,308,639,2,,VEREDA EL PRADO - KM 4 VIA FACATATIVA EL ROSAL
15,076,99,02,CUNDINAMARCA,FACATATIVA,ESCUELA ANTIGUA MANCILLA,126,127,253,1,,VEREDA MANCILLA - KM 3 VIA ECOPETROL
15,079,00,01,CUNDINAMARCA,FOMEQUE,IED MONSEÑOR AGUSTIN GUTIERREZ,3752,4114,7866,24,,CLL 5 No 6-00
15,079,00,02,CUNDINAMARCA,FOMEQUE,POLIDEPORTIVO MUNICIPAL,771,804,1575,5,,CLL 5 No 4-22
15,079,99,01,CUNDINAMARCA,FOMEQUE,LA UNION,221,225,446,2,,INST. EDUC. DPTAL IPEBI
15,079,99,02,CUNDINAMARCA,FOMEQUE,SAN LORENZO,84,91,175,1,,IEDR SAN LORENZO
15,085,00,00,CUNDINAMARCA,FOSCA,PUESTO CABECERA MUNICIPAL,2135,2437,4572,14,,POLIDEPORTIVO MUNICIPAL
15,085,99,01,CUNDINAMARCA,FOSCA,PUEBLO VIEJO,113,132,245,1,,ESC. VDA. RAMAL
15,085,99,02,CUNDINAMARCA,FOSCA,SANAME,408,464,872,3,,POLIDEPORTIVO SANAME
15,088,01,01,CUNDINAMARCA,FUNZA,COL MIL CNEL JUAN JOSE RONDON,4415,4342,8757,27,,CLL 15 No. 2C - 20
15,088,01,02,CUNDINAMARCA,FUNZA,COL TEC IND CORAZON DE MARIA,2197,1436,3633,11,,CLL 9A NO 8 - 29
15,088,01,03,CUNDINAMARCA,FUNZA,IED JARDIN SOCIAL SERREZUELITA,1321,1324,2645,8,,CLL 12 No 5B - 05
15,088,01,04,CUNDINAMARCA,FUNZA,COL MIGUEL ANTONIO CARO,4128,3855,7983,24,,CLL 15 No. 6 - 40
15,088,01,05,CUNDINAMARCA,FUNZA,COL FURATENA,2166,1781,3947,12,,CLL 25 No. 3 - 70
15,088,01,06,CUNDINAMARCA,FUNZA,COLISEO MUNICIPAL,2371,2395,4766,15,,CARRERA 6 N 15 85
15,088,01,07,CUNDINAMARCA,FUNZA,I E SERREZUELITA,1149,979,2128,7,,CARRERA 6 N 12 30
15,088,01,08,CUNDINAMARCA,FUNZA,I E EL HATO,655,576,1231,4,,CALLE 20 N 2A 07
15,088,01,09,CUNDINAMARCA,FUNZA,IE DEPARTAMENTAL DE FUNZA,240,223,463,2,,CRA 2 No 17-25
15,088,02,01,CUNDINAMARCA,FUNZA,COL SAN JOSE,2750,2741,5491,17,,CLL 12 NO 28 A - 22
15,088,02,02,CUNDINAMARCA,FUNZA,COL NUESTRA SEÑORA DEL ROSARIO,2703,494,3197,10,,Av. 12 No. 12 - 64
15,088,02,03,CUNDINAMARCA,FUNZA,COL SANTANA,1023,1161,2184,7,,AV 12 No. 16 - 52
15,088,02,04,CUNDINAMARCA,FUNZA,COL PARROQUIAL SANTIAGO APOSTOL,353,1290,1643,5,,AV 12 No. 13 - 35
15,088,02,05,CUNDINAMARCA,FUNZA,COL CRISTIANO INTEGRAL,1750,2513,4263,13,,CRA 13 No. 17 - 56/96
15,088,02,06,CUNDINAMARCA,FUNZA,ESC SAN ANDRES,1432,1192,2624,8,,CLL 15 No. 24 - 10
15,088,02,07,CUNDINAMARCA,FUNZA,COL COOPERATIVO COMUNAL,3728,3515,7243,22,,CLL 15 No. 16 - 46
15,088,02,08,CUNDINAMARCA,FUNZA,COL LA UNIDAD BASICA,3684,2573,6257,19,,CLL 9 C No. 19 - 30
15,088,02,09,CUNDINAMARCA,FUNZA,I E SAN MARCOS,524,420,944,3,,CALLE 12 N 25 48
15,088,02,10,CUNDINAMARCA,FUNZA,COL BICENTENARIO,3354,3408,6762,21,,CRA 19 A No 16 - 00
15,088,02,11,CUNDINAMARCA,FUNZA,JARDIN INFANTIL VILLA PAUL,436,420,856,3,,CLL 15 No 20 -15
15,088,02,12,CUNDINAMARCA,FUNZA,JARDIN INFANTIL LA AURORA,185,173,358,2,,CRA 12 No 20 A -99
15,088,02,13,CUNDINAMARCA,FUNZA,IE MARIA INMACULADA,1120,1564,2684,9,,CRA 16 No 9C -31
15,088,98,01,CUNDINAMARCA,FUNZA,CARCEL MUNICIPAL FUNZA,0,6,6,1,,CRA 14 No 13-41
15,091,00,00,CUNDINAMARCA,FUQUENE,PUESTO CABECERA MUNICIPAL,963,1031,1994,6,,CRA 3 #7-35 I.E.D COLFUQUENE
15,091,99,01,CUNDINAMARCA,FUQUENE,CAPELLANIA,1088,1014,2102,6,,INS. TEC. COMER. CAPELLANIA
15,091,99,02,CUNDINAMARCA,FUQUENE,NUEVO FUQUENE,114,102,216,1,,KILOMETRO 18 VIA UBATE CHIQUINQUIRA RN 45A
15,094,01,01,CUNDINAMARCA,FUSAGASUGA,ESCUELA JULIO SABOGAL,3000,2294,5294,16,01COMUNA NORTE,CLL 3 No 8  - 34 COMUNA NORTE
15,094,01,02,CUNDINAMARCA,FUSAGASUGA,COLEGIO ACCION COMUNAL,3215,3194,6409,20,01COMUNA NORTE,CRA 1 No 8 - 08 NORTE COMUNA NORTE
15,094,01,03,CUNDINAMARCA,FUSAGASUGA,COLEGIO MANUEL HUMBERTO CARDENAS VELEZ,648,611,1259,4,01COMUNA NORTE,CLL 1 NORTE No 14B-20
15,094,01,04,CUNDINAMARCA,FUSAGASUGA,ESCUELA MANUELA BELTRAN,268,227,495,2,01COMUNA NORTE,CRA 1 No 1-23
15,094,01,05,CUNDINAMARCA,FUSAGASUGA,CTRO DE INNOVACION E INTEGRACION SOCIAL,1084,1129,2213,7,01COMUNA NORTE,CLL 4 No 7 - 59
15,094,01,06,CUNDINAMARCA,FUSAGASUGA,COLISEO FUTSAL COBURGO,2377,5624,8001,24,02COMUNA ORIENTAL,CARRERA 3 No. 14A - 68 COMUNA ORIENTAL
15,094,01,07,CUNDINAMARCA,FUSAGASUGA,ESCUELA GUSTAVO VEGA,2482,2268,4750,15,02COMUNA ORIENTAL,CALLE 2 No 2 25 E COMUNA ORIENTAL
15,094,01,08,CUNDINAMARCA,FUSAGASUGA,ESCUELA CAMILO TORRES,811,757,1568,5,02COMUNA ORIENTAL,CRA 3 No 10 - 33
15,094,01,09,CUNDINAMARCA,FUSAGASUGA,ESCUELA GENERAL SANTANDER,197,184,381,2,02COMUNA ORIENTAL,CRA 6 No 13-02
15,094,01,10,CUNDINAMARCA,FUSAGASUGA,PARROQUIA NTRA.SRA.DE BELEN,2991,1599,4590,14,03COMUNA CENTRO,CALLE 7 No 5 20 COMUNA CENTRO
15,094,01,11,CUNDINAMARCA,FUSAGASUGA,FUND.DE EDUC.EN SALUD MARIE POUSSEPIN,4563,2048,6611,20,03COMUNA CENTRO,CRA 5 No  8-65
15,094,01,12,CUNDINAMARCA,FUSAGASUGA,CENTRO DE DESARROLLO INFANTIL,1035,1016,2051,7,03COMUNA CENTRO,CLL 5 CON CRA 2
15,094,02,01,CUNDINAMARCA,FUSAGASUGA,ESCUELA FUSACATAN,2668,1670,4338,13,04COMUNA SUR ORIENTAL,CRA 3 No 21-08
15,094,02,02,CUNDINAMARCA,FUSAGASUGA,COL CARLOS LOZANO Y LOZANO,2873,4101,6974,21,04COMUNA SUR ORIENTAL,TRANSVERSAL 12 No 16BIS-56 COMUNA SUR ORIENTAL
15,094,02,03,CUNDINAMARCA,FUSAGASUGA,COL JOSE C MUTIS,2484,1967,4451,14,04COMUNA SUR ORIENTAL,CARRERA 1 ESTE No 23-03 COMUNA SUR ORIENTAL
15,094,02,04,CUNDINAMARCA,FUSAGASUGA,ESC. SUPERIOR DE ADMON PUBLICA-ESAP,1386,1774,3160,10,04COMUNA SUR ORIENTAL,CRA 2 No 20-02
15,094,02,05,CUNDINAMARCA,FUSAGASUGA,COL. JOSE CELESTINO MUTIS SD LUSITANIA,1981,1561,3542,11,04COMUNA SUR ORIENTAL,DIAGONAL 29 No 2A-01
15,094,02,06,CUNDINAMARCA,FUSAGASUGA,UNIVERSIDAD DE CUNDINAMARCA,4492,3738,8230,25,05COMUNA OCCIDENTAL,DIAGONAL 18 No 20-29 COMUNA OCCIDENTAL
15,094,02,07,CUNDINAMARCA,FUSAGASUGA,COLEGIO RICAURTE,4836,3420,8256,25,05COMUNA OCCIDENTAL,TRANSVERSAL 14 No 22A-41
15,094,02,08,CUNDINAMARCA,FUSAGASUGA,UNIVERSIDAD ABIERTA Y A DISTANCIA UNAD,393,340,733,3,05COMUNA OCCIDENTAL,DIAGONAL 1 No 26 - 18
15,094,02,09,CUNDINAMARCA,FUSAGASUGA,CENTRO ACADEMICO DEPORTIVO CERCUN,429,422,851,3,05COMUNA OCCIDENTAL,CRA 17 No 19-65
15,094,02,10,CUNDINAMARCA,FUSAGASUGA,ESC REFUGIO INFANTIL,2982,2461,5443,17,06COMUNA SUR OCCIDENTAL,CLL 22 No 62-84 COMUNA SUR OCCIDENTAL
15,094,02,11,CUNDINAMARCA,FUSAGASUGA,POLIDEPORTIVO EBENEZER,2197,1096,3293,10,06COMUNA SUR OCCIDENTAL,CALLE 18A CON CARRERA 60
15,094,02,12,CUNDINAMARCA,FUSAGASUGA,CENTRO DE INTEGRACION CIUDADANA,1063,878,1941,6,06COMUNA SUR OCCIDENTAL,CLL 19 CRA 42
15,094,02,13,CUNDINAMARCA,FUSAGASUGA,IEM CIUDAD EBEN-EZER,1777,2161,3938,12,06COMUNA SUR OCCIDENTAL,CLL 23 AV SANTA MARIA No 59A-36
15,094,02,14,CUNDINAMARCA,FUSAGASUGA,POLIDEPORTIVO LLANO LARGO,485,360,845,3,06COMUNA SUR OCCIDENTAL,CLL 20A No 66A-00
15,094,90,01,CUNDINAMARCA,FUSAGASUGA,COL.TEODORO AYA VILLAVECES,2697,3046,5743,12,,CARRERA 7 No. 16 - 65
15,094,98,01,CUNDINAMARCA,FUSAGASUGA,CARCEL CIRCUITO JUDICIAL,11,107,118,1,,CRA 8 No 7 - 51
15,094,99,01,CUNDINAMARCA,FUSAGASUGA,LA AGUADITA,942,982,1924,6,07CORREGIMIENTO NORTE,SALÓN COMUNAL LA AGUADITA CORREGIMIENTO NORTE
15,094,99,25,CUNDINAMARCA,FUSAGASUGA,LOS SAUCES,701,832,1533,5,08CORREGIMIENTO ORIENTAL,"ESCUELA LOS SAUCES,CORREGIMIENTO ORIENTAL"
15,094,99,30,CUNDINAMARCA,FUSAGASUGA,CUCHARAL,1979,2315,4294,12,09CORREGIMIENTO OCCIDENTAL,ESCUELA CUCHARAL - CORREGIMIENTO OCCIDENTAL
15,094,99,32,CUNDINAMARCA,FUSAGASUGA,COLEGIO AGRICOLA VALSALICE,146,154,300,1,09CORREGIMIENTO OCCIDENTAL,VIA PANAMERICANA SECTOR USATAMA KIL 47
15,094,99,36,CUNDINAMARCA,FUSAGASUGA,BOCHICA (LA TRINIDAD),1481,1687,3168,9,10CORREGIMIENTO SUR ORIENTAL,ESCUELA LA TRINIDAD CORREGIMIENTO SUR ORIENTAL
15,094,99,37,CUNDINAMARCA,FUSAGASUGA,COLEGIO ESPINALITO ALTO,202,205,407,2,10CORREGIMIENTO SUR ORIENTAL,VEREDA ESPINALITO ALTO ENTRADA A VEREDA EL PLACER
15,094,99,38,CUNDINAMARCA,FUSAGASUGA,EL TRIUNFO (BOQUERON),327,515,842,3,11CORREGIMIENTO SUR OCCIDENTAL,"PUESTO DE SALUD, CORREGIMIENTO SUR OCCIDENTAL"
15,094,99,50,CUNDINAMARCA,FUSAGASUGA,LA PUERTA (CHINAUTA),1954,2177,4131,12,11CORREGIMIENTO SUR OCCIDENTAL,COLEGIO LUIS CARLOS GALAN-CORREG SUR OCCIDENTAL
15,097,00,00,CUNDINAMARCA,GACHALA,PUESTO CABECERA MUNICIPAL,1884,2213,4097,13,,Carrera 6 calle 4 esquina
15,097,99,07,CUNDINAMARCA,GACHALA,INSPECCION LOS ALPES,323,432,755,3,,SALON COMUNAL LOS ALPES
15,097,99,15,CUNDINAMARCA,GACHALA,CORREGIMIENTO  MONTECRISTO,40,78,118,1,,SALON COMUNAL MONTECRISTO
15,097,99,25,CUNDINAMARCA,GACHALA,CORREGIMIENTO  SANTA RITA DE RIONEGRO,118,147,265,1,,IEDR PROVIDENCIA
15,097,99,35,CUNDINAMARCA,GACHALA,VEREDA MURCA,35,39,74,1,,VEREDA MURCA
15,100,00,01,CUNDINAMARCA,GACHANCIPA,COL. CARLOS GARAVITO - SEDE CIUDADELA,5375,5297,10672,32,,IED PBRO CARLOS GARAVITO SD CIUDAD.-CRA 5 No 2-46
15,100,00,02,CUNDINAMARCA,GACHANCIPA,AULA MULTIPLE COLEGIO SEDE CIUDADELA,987,1010,1997,6,,CRA 5 No 2 46 ASIVAG
15,103,00,01,CUNDINAMARCA,GACHETA,CAMPO DEPORTIVO LA COLOMBIA,2776,2773,5549,17,,CALLE 3 NO 4 32
15,103,00,02,CUNDINAMARCA,GACHETA,ESCUELA JHON F KENNEDY,1450,1694,3144,10,,CLL 4  # 5-23
15,103,98,01,CUNDINAMARCA,GACHETA,CARCEL,1,9,10,1,,CALLE 5 No 4-19
15,103,99,48,CUNDINAMARCA,GACHETA,LOS LOPEZ,171,176,347,1,,VDA MUCHINDOTE INSPECCION LOS LOPEZ
15,106,00,00,CUNDINAMARCA,GAMA,PUESTO CABECERA MUNICIPAL,1408,1465,2873,9,,CRA 2 No 5 - 20
15,106,99,15,CUNDINAMARCA,GAMA,SAN ROQUE,139,180,319,1,,I.E. MARCO FIDEL SUAREZ
15,109,01,01,CUNDINAMARCA,GIRARDOT,COLEGIO AMERICANO,3544,4144,7688,24,01CENTRO,CALLE 21 No. 10-40
15,109,01,02,CUNDINAMARCA,GIRARDOT,COLEGIO LA PRESENTACION,2812,3060,5872,18,01CENTRO,CRA. 12 No. 18-21
15,109,01,03,CUNDINAMARCA,GIRARDOT,COLEGIO NUESTRA SEÑORA DEL PILAR,3102,1880,4982,15,01CENTRO,CALLE 20 No 10-74
15,109,01,04,CUNDINAMARCA,GIRARDOT,CASA DE LA CULTURA,504,380,884,3,03OCCIDENTE,CRA 14 CALLE 16 ANTIGUA ESTACION DEL FERROCARRIL
15,109,01,05,CUNDINAMARCA,GIRARDOT,IE FUNDADORES RAMON BUENO Y JOSE TRIANA,62,56,118,1,01CENTRO,CRA 7 A No 25-02
15,109,02,01,CUNDINAMARCA,GIRARDOT,I.E. NUEVO HORIZONTE,3276,4529,7805,24,02SUR,CRA 1D No 10-58
15,109,02,02,CUNDINAMARCA,GIRARDOT,LICEO LOS ANDES,1596,931,2527,8,02SUR,CLL 12 No.3  -  41
15,109,02,03,CUNDINAMARCA,GIRARDOT,SEDE FRANCISCO J DE CALDAS,1695,2562,4257,13,03OCCIDENTE,CARRERA 17 No 6-36/40/56
15,109,02,04,CUNDINAMARCA,GIRARDOT,CTRO EDU ANTONIO NARIÑO,2890,1128,4018,13,03OCCIDENTE,CALLE 12 No 20-38
15,109,02,05,CUNDINAMARCA,GIRARDOT,COL MAYOR MARTHA CATALINA,3326,3080,6406,20,03OCCIDENTE,CRA 22 No 19-77
15,109,02,06,CUNDINAMARCA,GIRARDOT,JARDIN INFANTIL CHIQUITOS,250,192,442,2,02SUR,CALLE 15 No. 2 58
15,109,02,07,CUNDINAMARCA,GIRARDOT,JARDIN INFANTIL CHEPITA MENDEZ,471,432,903,3,02SUR,CALLE 12 No  3  50
15,109,02,08,CUNDINAMARCA,GIRARDOT,IET FRANCISCO MANZANERA HENRIQUEZ,737,648,1385,5,03OCCIDENTE,CRA 24 CON CLL 19
15,109,02,09,CUNDINAMARCA,GIRARDOT,COLISEO CENTENARIO,468,413,881,3,03OCCIDENTE,CRA 19 CON CLL 10
15,109,03,01,CUNDINAMARCA,GIRARDOT,ESC. NORMAL SUPERIOR MARIA AUX,3174,2845,6019,19,04NORTE,CLL 38 No 7A-14
15,109,03,02,CUNDINAMARCA,GIRARDOT,COLEGIO ATANASIO GIRARDOT,3214,2621,5835,18,04NORTE,CRA 10 No 38-50
15,109,03,03,CUNDINAMARCA,GIRARDOT,COLISEO BARRIO SAN JORGE,2867,2033,4900,15,05ORIENTE,CALLE 33 No. 6-16 SAN JORGE
15,109,03,04,CUNDINAMARCA,GIRARDOT,COLISEO BARRIO KENNEDY,1718,1896,3614,11,05ORIENTE,CALLE 42 No  3-40
15,109,03,05,CUNDINAMARCA,GIRARDOT,IE POLICARPA SALAVARRIETA,3725,2384,6109,19,05ORIENTE,CRA 6 No 40 - 25
15,109,03,06,CUNDINAMARCA,GIRARDOT,SENA,669,647,1316,4,04NORTE,CRA 10 No 30-26
15,109,03,07,CUNDINAMARCA,GIRARDOT,IE SEDE INTEGRADORA,207,211,418,2,05ORIENTE,CALLE 34 No 6 20
15,109,03,08,CUNDINAMARCA,GIRARDOT,FUNDACION CAMPESTRE EL PEÑON,353,291,644,2,05ORIENTE,CALLE 47B CRA 6A 79
15,109,03,09,CUNDINAMARCA,GIRARDOT,COLEGIO ESPIRITU SANTO,833,707,1540,5,05ORIENTE,CALLE 40 N 7A  06
15,109,90,01,CUNDINAMARCA,GIRARDOT,COLISEO DEFERIAS Y EXPOSICION,2828,2800,5628,8,,CALLE 22  CON CRA. 20 ESQUINA GAITAN
15,109,98,01,CUNDINAMARCA,GIRARDOT,PENITENCIARIA NACIONAL,19,97,116,1,,CALLE 38 No 3- 28
15,109,99,01,CUNDINAMARCA,GIRARDOT,BARZALOSA Y PIAMONTE,1718,1575,3293,10,06CORREGIMIENTO 1 BARZALOSA,ESCUELA PIAMONTE KM 7 VIA TOCAIMA
15,109,99,02,CUNDINAMARCA,GIRARDOT,SAN LORENZO,128,131,259,1,07CORREGIMIENTO 2 SAN LORENZO,ESC. SAN LORENZO KM 14 VIA NARIÑO
15,112,00,00,CUNDINAMARCA,GUACHETA,PUESTO CABECERA MUNICIPAL,4653,4832,9485,29,,I.D.E. NTRA SRA DEL TRANSITO
15,112,99,50,CUNDINAMARCA,GUACHETA,MONROY,57,57,114,1,,ESC. RURAL DE MONROY
15,115,00,01,CUNDINAMARCA,GUADUAS,IED MIGUEL SAMPER AGUDELO,6030,5958,11988,36,,CRA 9 No 3-15 SUR IED DEPTAL MIGUEL SAMPER AGUDELO
15,115,00,02,CUNDINAMARCA,GUADUAS,IED MIGUEL SAMPER SEDE BENJAMIN HERRERA,2827,2871,5698,18,,CONCENTRACION URBANA BENJAMIN HERRERA
15,115,00,03,CUNDINAMARCA,GUADUAS,JARDIN INFANTIL MI PEQUEÑO MUNDO-MIMOS1,192,187,379,2,,DIAGONAL 9 # 15-126
15,115,00,04,CUNDINAMARCA,GUADUAS,IED MIGUEL SAMPER AGUDELO SD URB. FJM,180,180,360,2,,DIAGONAL 9 # 15-62
15,115,98,01,CUNDINAMARCA,GUADUAS,PENIT. DE MEDIANA SEG. LA ESPERANZA,3,17,20,1,,KM 3.5 VIA CAMBAO FINCA LA ESPERANZA
15,115,99,01,CUNDINAMARCA,GUADUAS,LA PAZ,371,448,819,3,01CORREGIMIENTO LA PAZ,CASA DE LA CULTURA DE LA PAZ
15,115,99,02,CUNDINAMARCA,GUADUAS,CUATRO ESQUINAS,32,84,116,1,02CORREGIMIENTO PUERTO BOGOTA,HACIENDA LA HOLANDA
15,115,99,03,CUNDINAMARCA,GUADUAS,GUADUERO,116,138,254,1,,ESCUELA RURAL GUADUERO
15,115,99,04,CUNDINAMARCA,GUADUAS,SEDE RURAL CEDRALES,44,87,131,1,02CORREGIMIENTO PUERTO BOGOTA,ESC. RURAL CEDRALES
15,115,99,05,CUNDINAMARCA,GUADUAS,IED PUERTO BOGOTA SEDE PRINCIPAL,1407,1365,2772,8,02CORREGIMIENTO PUERTO BOGOTA,CL 7 KR 3 EQ I.E.D. PUERTO BOG
15,115,99,06,CUNDINAMARCA,GUADUAS,VEREDA TAUCHIRAL ESCUELA SEDE SAN GIL,69,72,141,1,01CORREGIMIENTO LA PAZ,VEREDA TAUCHIRAL ESCUELA SEDE SAN GIL
15,115,99,07,CUNDINAMARCA,GUADUAS,EL ESCRITORIO,26,52,78,1,,ESC. RURAL DEL ESCRITORIO
15,115,99,08,CUNDINAMARCA,GUADUAS,MALAMBO,56,84,140,1,02CORREGIMIENTO PUERTO BOGOTA,ESC. RURAL MALAMBO
15,115,99,09,CUNDINAMARCA,GUADUAS,ESCUELA RURAL MADRIGAL Y CHAPAIMA,19,44,63,1,,ESCUELA RURAL CHAPAIMA
15,118,00,00,CUNDINAMARCA,GUASCA,PUESTO CABECERA MUNICIPAL,6045,6223,12268,37,,CALLE 1 N 3 00
15,118,99,01,CUNDINAMARCA,GUASCA,INSTITUCION EDUCATIVA EL CARMEN,55,41,96,1,,VEREDA EL SALITRE
15,121,00,00,CUNDINAMARCA,GUATAQUI,PUESTO CABECERA MUNICIPAL,1316,1486,2802,9,,IED NICOLAS DE FEDERMAN CRA 2 No 5-77
15,124,00,00,CUNDINAMARCA,GUATAVITA,PUESTO CABECERA MUNICIPAL,2738,2907,5645,17,,CALLE 1 A CARRERA 7 COLISEO MUNICIPAL
15,127,00,00,CUNDINAMARCA,GUAYABAL DE SIQUIMA,PUESTO CABECERA MUNICIPAL,2178,2221,4399,14,,POLIDEP. JOSE ANTONIO RODRIGUEZ CRA. 3 CON CALLE 3
15,127,99,01,CUNDINAMARCA,GUAYABAL DE SIQUIMA,SALON COMUNAL EL TRIGO,67,87,154,1,,CLL 1 No 1-39
15,127,99,02,CUNDINAMARCA,GUAYABAL DE SIQUIMA,ESCUELA RURAL LA CONCORDIA,27,24,51,1,,VEREDA LA TRINIDAD ESCUELA RURAL LA CONCORDIA
15,128,00,00,CUNDINAMARCA,GUAYABETAL,PUESTO CABECERA MUNICIPAL,2223,2429,4652,14,,I.E. MONSEÑOR ALBERTO REYES CALLE 2 # 2-37 CENTRO
15,128,99,80,CUNDINAMARCA,GUAYABETAL,TUNQUE DEL NARANJAL (TUNQUE),47,77,124,1,,SEDE EDU. TUNQUE
15,130,00,00,CUNDINAMARCA,GUTIERREZ,PUESTO CABECERA MUNICIPAL,1380,1550,2930,9,,CL 3 # 5 - 47
15,132,00,00,CUNDINAMARCA,GRANADA,PUESTO CABECERA MUNICIPAL,3293,3427,6720,21,,I.E.D. GUSTAVO URIBE RAMIREZ
15,133,00,00,CUNDINAMARCA,JERUSALEN,PUESTO CABECERA MUNICIPAL,1269,1604,2873,9,,BARRIO DOS QUEBRADAS PRIMERA ETAPA
15,136,00,00,CUNDINAMARCA,JUNIN,PUESTO CABECERA MUNICIPAL,1949,1947,3896,12,,CL 3 CON KR 4 POLIDEPORTIVO MU
15,136,99,01,CUNDINAMARCA,JUNIN,CLARAVAL,92,91,183,1,,SALON COMUNAL
15,136,99,05,CUNDINAMARCA,JUNIN,CHUSCALES,266,290,556,2,,I.E. SEDE PRIMARIA CHUSCALES AV. PRINCIPAL
15,136,99,09,CUNDINAMARCA,JUNIN,EL SALITRICO (SUEVA),446,418,864,3,,SALON COMUNAL
15,139,01,01,CUNDINAMARCA,LA CALERA,POLIDEPORTIVO  LA PORTADA,939,4567,5506,17,,LA PORTADA AV. 2 DA.
15,139,01,02,CUNDINAMARCA,LA CALERA,SALON COMUNAL MARQUEZ,397,484,881,3,,VEREDA MARQUEZ
15,139,02,01,CUNDINAMARCA,LA CALERA,ESCUELA JUAN XXIII,8491,4951,13442,41,,CL 8 No. 4 - 28
15,139,02,02,CUNDINAMARCA,LA CALERA,ESCUELA EL SALITRE,742,718,1460,5,,EL SALITRE
15,139,02,03,CUNDINAMARCA,LA CALERA,POLIDEPORTIVO PASEO REAL,1123,1054,2177,7,,CRA 3 No 12-20
15,139,02,04,CUNDINAMARCA,LA CALERA,CASA DE LA CULTURA,485,420,905,3,,CLL 3 N 4 53
15,139,99,01,CUNDINAMARCA,LA CALERA,MUNDO NUEVO,216,236,452,2,,SALON COMUNAL
15,139,99,02,CUNDINAMARCA,LA CALERA,TREINTA Y SEIS,247,328,575,2,,ESC. RURAL
15,142,01,01,CUNDINAMARCA,LA MESA,POLIDEP. LUIS CARLOS GALAN SARMIENTO,2269,2953,5222,16,,CRA 15 CL 4A BARRIO TOLEDO
15,142,01,02,CUNDINAMARCA,LA MESA,I.E. D. FRANCISCO JULIAN OLAYA SEDE A,4345,702,5047,16,,CRA 10 CON CL 8 ESQ BARRIO SANTA BARBARA
15,142,02,01,CUNDINAMARCA,LA MESA,SABIO MUTIS SEDE ANTIGUA,1877,4504,6381,20,,CLL 4A #26-21B
15,142,02,02,CUNDINAMARCA,LA MESA,I.E. D. FRANCISCO JULIAN OLAYA SEDE C,3056,2947,6003,18,,CLL 8 No 21B-58
15,142,98,01,CUNDINAMARCA,LA MESA,CARCEL,2,25,27,1,,CRA 21 CON CL 8 Y 9 BARRIO CENTRO
15,142,99,01,CUNDINAMARCA,LA MESA,LA ESPERANZA,798,861,1659,5,,TELECENTRO LA ESPERANZA
15,142,99,02,CUNDINAMARCA,LA MESA,SAN JOAQUIN,1228,1301,2529,7,,I.E. SAN JOAQUIN
15,142,99,03,CUNDINAMARCA,LA MESA,SAN JAVIER,521,580,1101,4,,I.E. SAN JAVIER
15,145,00,00,CUNDINAMARCA,LA PALMA,ESC. NORMAL SUPERIOR DIVINA PROVIDENCIA,3399,3780,7179,22,,"TRANSVERSAL 3 # 7 - 47, BARRIO LA PUERTA"
15,145,99,09,CUNDINAMARCA,LA PALMA,MINIPI QUIJANO,194,226,420,2,,IED MINIPI DE QUIJANO
15,145,99,10,CUNDINAMARCA,LA PALMA,ESCUELA RURAL HINCHE BAJO,53,64,117,1,,VEREDA HINCHE BAJO
15,145,99,12,CUNDINAMARCA,LA PALMA,MURCA,283,357,640,2,,SALON COMUNAL MURCA
15,145,99,13,CUNDINAMARCA,LA PALMA,LA HOYA DE TUDELA,85,120,205,1,,ESC. RURAL LA HOYA DE TUDELA
15,148,00,00,CUNDINAMARCA,LA PEÑA,PUESTO CABECERA MUNICIPAL,2602,3369,5971,18,,Polideportivo Municipal
15,148,99,01,CUNDINAMARCA,LA PEÑA,CASA DE LA MUJER,51,68,119,1,,VEREDA MINIPI - TAPIAS
15,148,99,02,CUNDINAMARCA,LA PEÑA,COLEGIO POLIDEPORTIVO AGUA BLANCA,36,33,69,1,,VEREDA AGUA BLANCA
15,151,00,00,CUNDINAMARCA,LA VEGA,PUESTO CABECERA MUNICIPAL,6887,7058,13945,42,,Cra 3 N 5 337 Aut Medellin
15,151,99,01,CUNDINAMARCA,LA VEGA,EL VINO,277,266,543,2,,INSTITUCION EDUCATIVA EL VINO
15,154,00,00,CUNDINAMARCA,LENGUAZAQUE,PUESTO CABECERA MUNICIPAL,3369,3802,7171,22,,CRA 3 # 2 SUR -230
15,154,99,01,CUNDINAMARCA,LENGUAZAQUE,IE DEPARTAMENTAL RURAL SIMON BOLIVAR,232,232,464,2,,VEREDA FARACIA RETAMO
15,157,00,00,CUNDINAMARCA,MACHETA,PUESTO CABECERA MUNICIPAL,3124,3546,6670,20,,Calle 3 4 27
15,160,01,01,CUNDINAMARCA,MADRID,COLISEO  CUBIERTO MUNICIPAL,4137,2890,7027,22,,CR. 7 No.8-65
15,160,01,02,CUNDINAMARCA,MADRID,COLEGIO SAN PEDRO,3424,2485,5909,18,,CLL 21 No 5-88
15,160,01,03,CUNDINAMARCA,MADRID,SALON  COMUNAL  ALCAPARROS,945,1955,2900,9,,CLL 7B  No 10A-19
15,160,01,04,CUNDINAMARCA,MADRID,COLEGIO LA MAGNOLIA,1283,1366,2649,8,,CR 5 No 8-20
15,160,01,05,CUNDINAMARCA,MADRID,LICEO HACIENDA CASABLANCA,3336,2685,6021,19,,CR 2 ESTE No 6-98
15,160,01,06,CUNDINAMARCA,MADRID,COLEGIO TIBAITATA,3598,3690,7288,22,,CRA 6 No. 15 - 99
15,160,01,07,CUNDINAMARCA,MADRID,COLEGIO PEDAGOGICO INGLES,1536,1575,3111,10,,CLL 7  N 3-98  CENTRO
15,160,01,08,CUNDINAMARCA,MADRID,JARDIN INFANTIL CAMPO DE ILUSIONES,478,403,881,3,,CLL 22 No 2-44
15,160,01,09,CUNDINAMARCA,MADRID,PARQUE DE LAS FLORES,783,707,1490,5,,CLL 7 ESTE # 7-40
15,160,01,10,CUNDINAMARCA,MADRID,CONCENTRACION URBANA EL CORTIJO,1865,1719,3584,11,,CRA 11 No 12 - 00
15,160,01,11,CUNDINAMARCA,MADRID,COLEGIO GABRIEL ECHAVARRIA,2074,2043,4117,13,,CRA 11 # 10-69
15,160,02,01,CUNDINAMARCA,MADRID,COLEGIO DEPTAL SERREZUELA,3408,3440,6848,21,,CRA 2A No 3-50
15,160,02,02,CUNDINAMARCA,MADRID,COLEGIO TECNOLOGICO DE MADRID,2380,1929,4309,13,,CRA 22 N 4-44 BARRIO SOSIEGO
15,160,02,03,CUNDINAMARCA,MADRID,I.E.NUESTA SRA DEL LORETO,1795,2053,3848,12,,CLL 3A No.2-25
15,160,02,04,CUNDINAMARCA,MADRID,COLEGIO MARIA TERESA ORTIZ,2931,3310,6241,19,,CRA 20 No 1-10 SUR
15,160,02,05,CUNDINAMARCA,MADRID,COLEGIO  SAN  JOSE,2446,2505,4951,15,,CR 22 No. 8-10
15,160,02,06,CUNDINAMARCA,MADRID,BLOQUE 2 - COLEGIO TECNOLOGICO,3018,1941,4959,15,,CRA 21  N 5 SUR 29 BARRIO SOSIEGO
15,160,02,07,CUNDINAMARCA,MADRID,COLEGIO SANTO TOMAS,1895,1578,3473,11,,CRA 22 No 3-24 SUR
15,160,02,08,CUNDINAMARCA,MADRID,COLEGIO LA PROSPERIDAD,2370,2125,4495,14,,CLL 4  No 23A 70 LA  PROSPERIDAD
15,160,02,09,CUNDINAMARCA,MADRID,CONCENTRACION URBANA ANTONIO NARIÑO,366,331,697,3,,CRA 4 N 3-50
15,160,99,01,CUNDINAMARCA,MADRID,IE DEPTAL SAN PATRICIO PUENTE DE  PIEDRA,1808,1745,3553,10,,CR. 5 No 4-11
15,163,00,00,CUNDINAMARCA,MANTA,PUESTO CABECERA MUNICIPAL,1947,2154,4101,13,,CL 3 N 2-79
15,166,00,00,CUNDINAMARCA,MEDINA,PUESTO CABECERA MUNICIPAL,2567,2766,5333,16,,CRA 6 No 16 - 53
15,166,99,01,CUNDINAMARCA,MEDINA,EL ARENAL,87,127,214,1,,ESCUELA LOCAL
15,166,99,02,CUNDINAMARCA,MEDINA,LA ESMERALDA,29,33,62,1,,ESCUELA LOCAL
15,166,99,03,CUNDINAMARCA,MEDINA,GAZATAVENA,99,114,213,1,,ESCUELA LOCAL
15,166,99,04,CUNDINAMARCA,MEDINA,SAN MARCOS,20,26,46,1,,ESCUELA SAN MARCOS
15,166,99,05,CUNDINAMARCA,MEDINA,PERIQUITO,32,38,70,1,,ESCUELA PERIQUITO
15,166,99,06,CUNDINAMARCA,MEDINA,LOS ALPES,125,180,305,1,,COLEGIO LOCAL
15,166,99,07,CUNDINAMARCA,MEDINA,LA MESA DE LOS REYES,44,91,135,1,,CASETA COMUNAL
15,166,99,08,CUNDINAMARCA,MEDINA,SAN FRANCISCO DE GAZADUJE,134,223,357,1,,COLEGIO LOCAL
15,166,99,10,CUNDINAMARCA,MEDINA,SAN PEDRO DE GUAJARAY,69,85,154,1,,COLEGIO LOCAL
15,166,99,12,CUNDINAMARCA,MEDINA,SANTA TERESITA,65,93,158,1,,COLEGIO LOCAL
15,169,01,01,CUNDINAMARCA,MOSQUERA,NUEVO COLISEO MUNICIPAL,3031,4536,7567,23,,CLL 1 No 2-00
15,169,01,02,CUNDINAMARCA,MOSQUERA,IE JUAN LUIS LONDOÑO,3135,3496,6631,20,,CLL 3 No 2 -85 ESTE
15,169,01,03,CUNDINAMARCA,MOSQUERA,COLEGIO LA PAZ,4910,3609,8519,26,,CARRERA 7B No 10A-94
15,169,01,04,CUNDINAMARCA,MOSQUERA,ESCUELA EL DIAMANTE,1454,1171,2625,8,,CRA 4 No 4-91
15,169,01,05,CUNDINAMARCA,MOSQUERA,COL MAYOR DE MOSQUERA,2072,2166,4238,13,,CARRERA 16 No 5A-12
15,169,01,06,CUNDINAMARCA,MOSQUERA,IE LA AMISTAD,1938,1645,3583,11,,CRA 6B No 8 - 69
15,169,01,07,CUNDINAMARCA,MOSQUERA,ESCUELA LOS PUENTES,115,93,208,1,,KM 4 VIA LA MESA VEREDA BALSILLAS
15,169,01,08,CUNDINAMARCA,MOSQUERA,IE LA MERCED,2080,1913,3993,12,,CALLE 3 NO 2 50
15,169,01,09,CUNDINAMARCA,MOSQUERA,IE ANTONIO NARIÑO,641,620,1261,4,,CLL 3 # 1 - 77 E
15,169,01,10,CUNDINAMARCA,MOSQUERA,SECTOR NOVATERRA,1471,1314,2785,9,,CRA 3 A No 17 SUR -96
15,169,02,01,CUNDINAMARCA,MOSQUERA,COLEGIO ROBERTO VELANDIA,6146,3359,9505,29,,CLL 10 No 15-10
15,169,02,02,CUNDINAMARCA,MOSQUERA,IE LA ARMONIA,4264,4657,8921,27,,CALLE 23 No 20A-93
15,169,02,03,CUNDINAMARCA,MOSQUERA,JARDIN INF VILLA MARCELA,5024,3714,8738,27,,CALLE 14 CARRERA 11 ESQ
15,169,02,04,CUNDINAMARCA,MOSQUERA,EL TREBOL COL COMPARTIR,5900,4083,9983,30,,CARRERA 3 ESTE No 10-77
15,169,02,05,CUNDINAMARCA,MOSQUERA,COL LA FRATERNIDAD,3393,4265,7658,23,,CARRERA 11 ESTE No 17-59
15,169,02,06,CUNDINAMARCA,MOSQUERA,IE FRANCISCO DE PAULA SANTANDER,987,795,1782,6,,CLL 10 # 12 - 22
15,169,02,07,CUNDINAMARCA,MOSQUERA,IE NUEVO MILENIO,1546,1577,3123,10,,CRA 14C # 14C - 08
15,169,02,08,CUNDINAMARCA,MOSQUERA,CC ECOPLAZA,2174,1889,4063,13,,CRA  3 No 15 A - 57
15,172,00,00,CUNDINAMARCA,NARIÑO,PUESTO CABECERA MUNICIPAL,1386,1563,2949,9,,CALLE 3 CON CARRERA 2 IE DPTAL ANTONIO NARIÑO
15,175,00,01,CUNDINAMARCA,NEMOCON,POLIDEPORTIVO FRAY IGNACIO MARIÑO,3445,3432,6877,21,,POLIDEPORTIVO MUNICIPAL CLL 1 CRA 3 Y 4
15,175,00,02,CUNDINAMARCA,NEMOCON,IE DEPARTAMENTAL ALFONSO LOPEZ PUMAREJO,1237,1259,2496,8,,CRA 6 No 2 31- SD EDUARDO SANTOS
15,175,99,01,CUNDINAMARCA,NEMOCON,VEREDA PATIO BONITO,1028,1005,2033,6,,SALON INSTITUCION EDUCATIVA RURAL DPTAL
15,178,00,00,CUNDINAMARCA,NILO,PUESTO CABECERA MUNICIPAL,2044,2546,4590,14,,POLIDEPORTIVO MUNICIPAL
15,178,99,01,CUNDINAMARCA,NILO,IED PUEBLO NUEVO,483,539,1022,3,,IED PUEBLO NUEVO
15,178,99,02,CUNDINAMARCA,NILO,IED LA ESMERALDA,488,402,890,3,,CENTRO POBLADO LA ESMERALDA
15,181,00,00,CUNDINAMARCA,NIMAIMA,PUESTO CABECERA MUNICIPAL,1006,1151,2157,7,,IE CACIQUE ANAMAY SEDE CENTRO ESCUELA
15,181,99,01,CUNDINAMARCA,NIMAIMA,TOBIA,513,590,1103,4,,POL CENTRAL PARQUE P.PAL INSPECCION TOBIA NIMAIMA
15,181,99,05,CUNDINAMARCA,NIMAIMA,EL CERRO,93,132,225,1,,ESC. DEL CERRO NIMAIMA
15,184,00,00,CUNDINAMARCA,NOCAIMA,PUESTO CABECERA MUNICIPAL,2609,2836,5445,17,,KR 8 # 6-120 I.E.D. ESC. NORM
15,190,01,01,CUNDINAMARCA,PACHO,COLISEO CUBIERTO LORENZO DE TERRONES,1783,5626,7409,23,,CL 10 No. 21-118 LA PALMITA
15,190,01,02,CUNDINAMARCA,PACHO,I.E.D. AQUILEO PARRA,3657,1397,5054,16,,CRA. 26 No. 6-42 BARRIO LA CRINOLINA
15,190,01,03,CUNDINAMARCA,PACHO,IED ANA FRANCISCA LARA SD ANTONIO NARIÑO,367,354,721,3,,CLL 10 #19-2
15,190,02,01,CUNDINAMARCA,PACHO,I.E. D. ANA FRANCISCA LARA SD SAN JOSE,3492,2007,5499,17,,CL 8 No. 6-19 BARRIO SAN JOSE
15,190,02,02,CUNDINAMARCA,PACHO,I.E.D. ANA FRANCISCA LARA SEDE BOLIVAR,1298,1361,2659,8,,CL 3 No. 16-41 BARRIO BOLIVAR
15,190,02,03,CUNDINAMARCA,PACHO,IED INST TEC AGRIC SD CNIA ALBERTO NIETO,737,780,1517,5,,CRA 11 No 7 - 41
15,190,99,01,CUNDINAMARCA,PACHO,INSTITUCION EDUCATIVA PASUNCHA,378,471,849,3,01CORREGIMIENTO PASUNCHA,SANTA INES PASUNCHA
15,193,00,00,CUNDINAMARCA,PAIME,PUESTO CABECERA MUNICIPAL,1206,1405,2611,8,,CENTRO DE INTEGRACIÓN CIUDADANA
15,193,99,01,CUNDINAMARCA,PAIME,CUATRO CAMINOS,277,339,616,2,,POLIDEPORTIVO CUATRO CAMINOS
15,193,99,03,CUNDINAMARCA,PAIME,EL PLOMO (EL PARAISO),90,134,224,1,,ESC. EL PARAISO
15,193,99,05,CUNDINAMARCA,PAIME,TUDELA,672,770,1442,4,,POLIDEPORTIVO DE TUDELA
15,193,99,50,CUNDINAMARCA,PAIME,VENECIA,159,191,350,1,,ESCUELA VENECIA
15,196,00,00,CUNDINAMARCA,PANDI,PUESTO CABECERA MUNICIPAL,2056,2375,4431,14,,"CENTRO DE INTEGRACIÓN CIUDADANA ""CIC"""
15,198,00,00,CUNDINAMARCA,PARATEBUENO (LA NAGUAYA),PUESTO CABECERA MUNICIPAL,2371,2755,5126,16,,IE DPTAL AGRIC DE PARATEBUENO
15,198,99,40,CUNDINAMARCA,PARATEBUENO (LA NAGUAYA),EL ENGAÑO,79,115,194,1,,ESCUELA RURAL ANTONIO NARIÑO
15,198,99,50,CUNDINAMARCA,PARATEBUENO (LA NAGUAYA),GUAICARAMO,19,26,45,1,,ESCUELA RURAL GUAICARAMO
15,198,99,60,CUNDINAMARCA,PARATEBUENO (LA NAGUAYA),MAYA,669,766,1435,4,,ESC. RURAL JORGE ELIECER GAITAN
15,198,99,70,CUNDINAMARCA,PARATEBUENO (LA NAGUAYA),SANTA CECILIA,255,287,542,2,,IE DPTAL RURAL DE SANTA CECILIA
15,198,99,80,CUNDINAMARCA,PARATEBUENO (LA NAGUAYA),VILLA PACHELLY,89,154,243,1,,ANTIGUO PUESTO DE SALUD
15,198,99,81,CUNDINAMARCA,PARATEBUENO (LA NAGUAYA),CENTRO POBLADO JAPON,139,123,262,1,,POLIDEPORTIVO DE LA INSPECCION JAPON
15,199,00,00,CUNDINAMARCA,PASCA,PUESTO CABECERA MUNICIPAL,4113,4474,8587,26,,IE NORMAL SUP NTRA SRA DE LA ENCARNACION
15,202,00,01,CUNDINAMARCA,PUERTO SALGAR,COLEGIO TECNICO DEPARTAMENTAL MIXTO,4730,3442,8172,25,,CALLE 14B 5-02
15,202,00,02,CUNDINAMARCA,PUERTO SALGAR,IED POLICARPA SALAVARRIETA,1253,2713,3966,12,,CLL 12 NO 10-22
15,202,99,01,CUNDINAMARCA,PUERTO SALGAR,COLORADOS,146,180,326,1,,SALON COMUNAL COLORADOS
15,202,99,02,CUNDINAMARCA,PUERTO SALGAR,LA REINES,109,164,273,1,,ESC. RURAL LA REINES
15,202,99,03,CUNDINAMARCA,PUERTO SALGAR,PUERTO LIBRE,395,383,778,3,,INS. EDUC. PUERTO LIBRE
15,205,00,00,CUNDINAMARCA,PULI,PUESTO CABECERA MUNICIPAL,1076,1276,2352,8,,I.E.D. INTEG PULI CRA. 7 N° 8-04
15,205,99,01,CUNDINAMARCA,PULI,VALPARAISO,30,60,90,1,,ESCUELA RURAL VALPARAISO
15,205,99,02,CUNDINAMARCA,PULI,PALESTINA,195,270,465,2,,I.E.D.PALESTINA
15,205,99,03,CUNDINAMARCA,PULI,ESCUELA RURAL CABRERA,3,4,7,1,,ESCUELA RURAL CABRERA
15,208,00,00,CUNDINAMARCA,QUEBRADANEGRA,PUESTO CABECERA MUNICIPAL,709,751,1460,5,,I.E.D. ALFREDO VASQUEZ COBO CR 4 N° 3-47
15,208,99,01,CUNDINAMARCA,QUEBRADANEGRA,LA MAGDALENA,959,1089,2048,6,,I.E.D.  LA MAGDALENA CR 3 N° 2-78
15,208,99,02,CUNDINAMARCA,QUEBRADANEGRA,SAN CARLOS,271,358,629,2,,ESC. SAN CARLOS
15,208,99,03,CUNDINAMARCA,QUEBRADANEGRA,TOBIA,118,125,243,1,,PARQUE TOBIA
15,211,00,00,CUNDINAMARCA,QUETAME,PUESTO CABECERA MUNICIPAL,1439,1601,3040,10,,NORMAL SUPERIOR SANTA TERESITA
15,211,99,50,CUNDINAMARCA,QUETAME,PUENTE QUETAME - PUENTE CLAVIJO,1407,1469,2876,8,,TRANSV 2 No 3 - 60
15,214,00,00,CUNDINAMARCA,QUIPILE,PUESTO CABECERA MUNICIPAL,1375,1771,3146,10,,POLIDEPORTIVO QUIPILE
15,214,99,01,CUNDINAMARCA,QUIPILE,LA SIERRA,440,474,914,3,,SALON COMUNAL
15,214,99,05,CUNDINAMARCA,QUIPILE,LA VIRGEN,414,557,971,3,,IED JOAQUIN ALFONSO MEDINA
15,214,99,07,CUNDINAMARCA,QUIPILE,LA BOTICA,384,482,866,3,,IED JOSE MANUEL DUARTE
15,214,99,09,CUNDINAMARCA,QUIPILE,SANTA MARTA,163,226,389,2,,SALON CULTURAL
15,217,00,01,CUNDINAMARCA,APULO,POLIDEPORTIVO MUNICIPAL APULO,2914,3229,6143,19,,POLIDEPORTIVO MUNICIPAL AV. COLOMBIA
15,217,00,02,CUNDINAMARCA,APULO,IED ANTONIO NARIÑO,612,653,1265,4,,CLL 9 CRA 5 PARQUE PRINCIPAL
15,218,00,01,CUNDINAMARCA,RICAURTE,MEGA COLEGIO ANTONIO RICAURTE,3826,3950,7776,24,,CALLE 15 A No 11-119
15,218,00,02,CUNDINAMARCA,RICAURTE,UNIDAD DEPORTIVA,2465,2507,4972,15,,Cra16 N 08 08
15,218,99,01,CUNDINAMARCA,RICAURTE,CIC SACUDETE VEREDA LLANO DEL POZO,104,113,217,1,,VEREDA LLANO DEL POZO
15,220,00,00,CUNDINAMARCA,SAN ANTONIO DEL TEQUENDAMA,PUESTO CABECERA MUNICIPAL,2519,2654,5173,16,,CRA 4 No 3-06
15,220,99,01,CUNDINAMARCA,SAN ANTONIO DEL TEQUENDAMA,SANTANDERCITO,2176,2161,4337,12,,CARRERA 5 No. 3 -01
15,223,00,00,CUNDINAMARCA,SAN BERNARDO,PUESTO CABECERA MUNICIPAL,3613,4053,7666,23,,POLIDEPORTIVO JUAN XXIII
15,223,99,60,CUNDINAMARCA,SAN BERNARDO,CASA DE GOBIERNO PORTONES,166,199,365,2,,SALON COMUNAL INSP PORTONES
15,226,00,00,CUNDINAMARCA,SAN CAYETANO,PUESTO CABECERA MUNICIPAL,935,1109,2044,7,,SALON COMUNAL CENTRO
15,226,99,01,CUNDINAMARCA,SAN CAYETANO,CAMANCHA,137,146,283,1,,SALON COMUNAL CAMANCHA
15,226,99,02,CUNDINAMARCA,SAN CAYETANO,CUIBUCO,220,289,509,2,,SALON COMUNAL CUIBUCO
15,226,99,03,CUNDINAMARCA,SAN CAYETANO,LAGUNA VERDE,144,199,343,1,,SALON 1 ESCUELA LAGUNA VERDE
15,226,99,04,CUNDINAMARCA,SAN CAYETANO,LAS MERCEDES,238,318,556,2,,SALON COMUNAL LAS MERCEDES
15,226,99,05,CUNDINAMARCA,SAN CAYETANO,PINIPAY,220,252,472,2,,SALON COMUNAL PINIPAY
15,226,99,06,CUNDINAMARCA,SAN CAYETANO,REMANSO,95,147,242,1,,SALON COMUNAL REMANSO
15,226,99,07,CUNDINAMARCA,SAN CAYETANO,EL ALBERGUE,60,85,145,1,,SALON COMUNAL VEREDA EL ALBERGUE
15,229,00,00,CUNDINAMARCA,SAN FRANCISCO,PUESTO CABECERA MUNICIPAL,4642,4660,9302,28,,"I.E.D.REP.DE FRANCIA,CRA1 CL.1 URB.SAN AGUSTIN"
15,229,99,09,CUNDINAMARCA,SAN FRANCISCO,ESCUELA RURAL EL BOSQUE,24,40,64,1,,ESCUELA RURAL VEREDA SAN MIGUEL
15,229,99,10,CUNDINAMARCA,SAN FRANCISCO,ESCUELA RURAL SAN LUIS,116,91,207,1,,KM 23 +300 METROS AUTOPISTA MEDELLIN -BOGOTA
15,229,99,11,CUNDINAMARCA,SAN FRANCISCO,ESCUELA RURAL SAN MIGUEL,78,69,147,1,,VEREDA SAN MIGUEL ALTO
15,229,99,12,CUNDINAMARCA,SAN FRANCISCO,ESCUELA RURAL SAN ANTONIO,25,27,52,1,,VEREDA SAN ANTONIO
15,232,00,01,CUNDINAMARCA,SAN JUAN DE RIOSECO,CIC ANTIGUO POLIDEPORTIVO,2593,3037,5630,17,,CLL 4 No 1 - 130
15,232,00,02,CUNDINAMARCA,SAN JUAN DE RIOSECO,IED SAN JUAN DE RIOSECO ESCUELA ANEXA,901,1016,1917,6,,CRA 5 CLL 9 ESQUINA
15,232,99,01,CUNDINAMARCA,SAN JUAN DE RIOSECO,IERD DIEGO URIBE VARGAS DE CAMBAO,583,589,1172,4,,IERD DIEGO URIBE VARGAS DE CAMBAO
15,232,99,02,CUNDINAMARCA,SAN JUAN DE RIOSECO,SAN NICOLAS,252,277,529,2,,SALON COMUNAL VIA SAN JOSE DE LA INSP. SAN NICOLAS
15,232,99,03,CUNDINAMARCA,SAN JUAN DE RIOSECO,I.E.D RURAL LAGUNITAS,17,28,45,1,,I.E.D RURAL LAGUNITAS
15,235,00,01,CUNDINAMARCA,SASAIMA,AUDITORIO MUNICIPAL,3070,3335,6405,20,,CTRO AUDITORIO MUNICIPAL CRA 4 No 8A-96
15,235,00,02,CUNDINAMARCA,SASAIMA,IED NUESTRA SEÑORA DE FATIMA,1017,1138,2155,7,,CENTRO KR3 No 8 06 IED NTRA SEÑORA DE FATIMA
15,235,99,50,CUNDINAMARCA,SASAIMA,LA VICTORIA,518,530,1048,3,,SALON COMUNAL CENT POBLADO STA INES
15,238,00,01,CUNDINAMARCA,SESQUILE,COLISEO MUNICIPAL,3855,4048,7903,24,,COLISEO MUNICIPAL CALLE 4 No 4 - 31
15,238,00,02,CUNDINAMARCA,SESQUILE,COMPLEJO DEPORTIVO,923,820,1743,6,,CRA 8 # 4-36
15,239,01,01,CUNDINAMARCA,SIBATE,IED GRAL SANTANDER SEDE BTO,4004,3526,7530,23,,CARRERA 7 No. 11 -30
15,239,01,02,CUNDINAMARCA,SIBATE,IED PABLO NERUDA,3042,1486,4528,14,,DIAGONAL 2 No 1 15  BARRIO PABLO NERUDA
15,239,01,03,CUNDINAMARCA,SIBATE,COLISEO XIUA,1117,1102,2219,7,,TRANSVERSAL 6 NO 11  53
15,239,01,04,CUNDINAMARCA,SIBATE,POLIDEPORTIVO SANTA ISABEL,754,685,1439,5,,CARRERA 8 ENTRE CALLES 11 Y 12
15,239,02,01,CUNDINAMARCA,SIBATE,C.I.C BALCONES DE SAN JOSE,2082,3639,5721,18,,CALLE 4 B ENTRE CRA 8A Y 9
15,239,02,02,CUNDINAMARCA,SIBATE,POLIDEPORTIVO SAN RAFAEL,2123,2589,4712,15,,TRANSVERSAL 7 B - CALLE 5 A
15,239,02,03,CUNDINAMARCA,SIBATE,IED GRAL SANTANDER SEDE PRIMARIA,1104,981,2085,7,,CARRERA 8 # 5  45 B EL PROGRESO
15,241,00,01,CUNDINAMARCA,SILVANIA,COLISEO MUNICIPAL,4806,4905,9711,30,,COLISEO MUNICIPAL
15,241,00,02,CUNDINAMARCA,SILVANIA,COLEGIO NUEVO SANTA INES,3071,3126,6197,19,,DIAGONAL 4 A No 4-51 BARRIO EL PROGRESO
15,241,99,01,CUNDINAMARCA,SILVANIA,AGUA BONITA,627,687,1314,4,,CASA DE GOBIERNO
15,241,99,02,CUNDINAMARCA,SILVANIA,SUBIA,1602,1512,3114,9,,COL.DPTAL RURAL SUBIA SALON MU
15,244,00,01,CUNDINAMARCA,SIMIJACA,COLEGIO AGUSTIN PARRA SEDE PRIMARIA,2743,2432,5175,16,,COLEG. AGUSTIN PARRA
15,244,00,02,CUNDINAMARCA,SIMIJACA,COLEGIO AGUSTIN PARRA SEDE BACHILLERATO,2496,2573,5069,16,,Cra 13  8  2
15,244,99,01,CUNDINAMARCA,SIMIJACA,EL SALITRE,46,63,109,1,,INSPEC DE POLICIA EL SALITRE
15,247,01,01,CUNDINAMARCA,SOACHA,I. E. SANTA ANA - ANTONIO NARIÑO,4080,3879,7959,24,01COMUNA 1,CR. 11 D No. 17 A - 44 SUR SANTA ANA
15,247,01,02,CUNDINAMARCA,SOACHA,I.E. COMPARTIR,6348,4473,10821,33,01COMUNA 1,TR. 17 No. 5 B - 10 SUR COMPARTIR
15,247,01,03,CUNDINAMARCA,SOACHA,I.E. CIUDAD LATINA,5400,4381,9781,30,01COMUNA 1,CLL. 37 A SUR No. 15 i - 21
15,247,01,04,CUNDINAMARCA,SOACHA,IE. NUEVO COMPARTIR,2388,2022,4410,14,01COMUNA 1,CRA 14 No 29 - 80 SUR COMPARTIR
15,247,01,05,CUNDINAMARCA,SOACHA,CONCENTRACION ESCOLAR SAN NICOLAS,2776,2270,5046,16,01COMUNA 1,CLL. 40 SUR No. 7 D - 15 SAN NICOLAS
15,247,01,06,CUNDINAMARCA,SOACHA,I.E. COMPARTIR PRIMARIA,5404,4421,9825,30,01COMUNA 1,CR. 15 A NO. 5 C - 16 SUR
15,247,01,07,CUNDINAMARCA,SOACHA,IE JUAN PABLO SEGUNDO SOACHA,2706,2276,4982,15,01COMUNA 1,CRA 7 # 13 34 SUR
15,247,01,08,CUNDINAMARCA,SOACHA,COLEGIO COLSUBSIDIO - MAIPORE,1221,934,2155,7,01COMUNA 1,CR. 2 No. 10 - 157 SUR
15,247,01,09,CUNDINAMARCA,SOACHA,I.E. PAZ Y ESPERANZA,1294,1019,2313,7,01COMUNA 1,CLL 9 A SUR No 15 A - 285
15,247,01,10,CUNDINAMARCA,SOACHA,SALON COMUNAL VILLA ITALIA,484,426,910,3,01COMUNA 1,CRA 16 D No 21 - 18 SUR
15,247,01,11,CUNDINAMARCA,SOACHA,COLEGIO MILITAR LICEO SOCIAL COMPARTIR,2603,2538,5141,16,01COMUNA 1,CLL 18 SUR NRO 9F 24 COMPARTIR
15,247,02,01,CUNDINAMARCA,SOACHA,I.E. GENERAL SANTANDER,6376,5481,11857,36,02COMUNA 2,CR. 9 NO. 14 - 10 CENTRO
15,247,02,02,CUNDINAMARCA,SOACHA,IE GENERAL SANTANDER SD MI TIERNA EDAD,3667,2514,6181,19,02COMUNA 2,CLL. 14 NO. 8 - 25 CENTRO
15,247,02,03,CUNDINAMARCA,SOACHA,I.E. INTEGRADO DE SOACHA,5523,5279,10802,33,02COMUNA 2,CR. 10 NO. 12 - 61 CENTRO
15,247,02,04,CUNDINAMARCA,SOACHA,COLISEO GENERAL SANTANDER,3551,3213,6764,21,02COMUNA 2,CLL. 15 NO. 8 - 53
15,247,02,05,CUNDINAMARCA,SOACHA,CONCENTRACION CAMILO TORRES,2533,3350,5883,18,02COMUNA 2,CLL. 24 NO. 8 - 15
15,247,02,06,CUNDINAMARCA,SOACHA,I E GENERAL SANTANDER SEDE LA VEREDITA,1205,924,2129,7,02COMUNA 2,CLL. 5 SUR No. 18 C - 34
15,247,02,07,CUNDINAMARCA,SOACHA,SALON COMUNAL CIUDAD SATELITE,2395,1923,4318,13,02COMUNA 2,CRA 6A No 8 - 39 SATELITE
15,247,02,08,CUNDINAMARCA,SOACHA,UNIVER. DE CUNDINAMARCA EXTENSION SOACHA,4404,3645,8049,25,02COMUNA 2,DIAG. 9 No. 4 B - 85
15,247,02,09,CUNDINAMARCA,SOACHA,CENTRO DE DESARROLLO INFANTIL COMPENSAR,1243,941,2184,7,02COMUNA 2,CLL. 1 No. 18 F - 50 HOGARES
15,247,02,10,CUNDINAMARCA,SOACHA,I.E. VIDA NUEVA,4011,3028,7039,22,02COMUNA 2,CRA 19 A No 4 - 90 SUR
15,247,02,11,CUNDINAMARCA,SOACHA,CDI JARDIN SOCIAL SOL Y LUNA,1598,1207,2805,9,02COMUNA 2,CLL 1 No 4G-78
15,247,02,13,CUNDINAMARCA,SOACHA,IE LUIS HENRIQUEZ,1011,770,1781,6,02COMUNA 2,CRA 19A No 5 51 SUR
15,247,02,14,CUNDINAMARCA,SOACHA,COLEGIO COOPERATIVO EUGENIO DIAZ CASTRO,976,866,1842,6,02COMUNA 2,Cl. 17A  10 30 CENTRO
15,247,02,15,CUNDINAMARCA,SOACHA,CENTRO DEPORTIVO PARQUE DE LOS LOCOS,4287,3832,8119,25,02COMUNA 2,CRA 9 CLL 15
15,247,03,01,CUNDINAMARCA,SOACHA,I.E. LA DESPENSA,1433,1690,3123,10,03COMUNA 3,CR. 7 No. 58 - 22 LA DESPENSA
15,247,03,02,CUNDINAMARCA,SOACHA,I.E. MANUELA BELTRAN,1470,1149,2619,8,03COMUNA 3,CLL. 56 NO. 10 - 07 LA DESPENSA
15,247,03,03,CUNDINAMARCA,SOACHA,I.E. LEON XIII,4939,3986,8925,27,03COMUNA 3,CR. 8 NO. 5 - 83 LEON XIII
15,247,03,04,CUNDINAMARCA,SOACHA,CENTRO COMERCIAL GRAN PLAZA,5731,4588,10319,31,03COMUNA 3,CRA 7 No 30B - 139
15,247,03,05,CUNDINAMARCA,SOACHA,COLISEO LEON XIII,4639,3705,8344,25,03COMUNA 3,CLL 48 No 9-05 LEON XIII
15,247,03,06,CUNDINAMARCA,SOACHA,I.E. LA DESPENSA - CIUDAD VERDE,3300,2260,5560,17,08CORREGIMIENTO 2,TR. 37 No. 18-85 CIUDAD VERDE
15,247,03,07,CUNDINAMARCA,SOACHA,I.E. LEON XIII - CHILOE,6443,4490,10933,33,08CORREGIMIENTO 2,DIAG. 28 No. 28 - 99 CIUDAD VERDE
15,247,03,08,CUNDINAMARCA,SOACHA,I.E. LA DESPENSA - MARCO FIDEL SUAREZ,484,399,883,3,03COMUNA 3,CR. 20 No. 45 A - 36
15,247,03,09,CUNDINAMARCA,SOACHA,I.E. SOACHA AVANZA LA UNIDAD,5249,3973,9222,28,08CORREGIMIENTO 2,CRA 38 No 14 - 72
15,247,03,10,CUNDINAMARCA,SOACHA,COLEGIO MINUTO DE DIOS CIUDAD VERDE,4743,3934,8677,26,08CORREGIMIENTO 2,CALLE 38 No 31 141 CIUDAD VERDE
15,247,03,11,CUNDINAMARCA,SOACHA,IE BENEDICTO XVI,281,217,498,2,03COMUNA 3,CRA 8 No 5 17 LEON XIII
15,247,03,12,CUNDINAMARCA,SOACHA,CENTRO COMERCIAL MERCURIO,4035,3508,7543,23,03COMUNA 3,CRA 7 NRO 32 35
15,247,04,01,CUNDINAMARCA,SOACHA,I.E. LUIS CARLOS GALAN,1768,1222,2990,9,04COMUNA 4,CLL. 44 No. 27 B - 20 ESTE
15,247,04,02,CUNDINAMARCA,SOACHA,I.E. CIUDADELA SUCRE,4476,3474,7950,24,04COMUNA 4,CRA 33 B ESTE CON CLL. 38
15,247,04,03,CUNDINAMARCA,SOACHA,I.E. LA ISLA,1881,1409,3290,10,04COMUNA 4,CR. 33 C ESTE No. 40 - 195
15,247,04,04,CUNDINAMARCA,SOACHA,I E JULIO CESAR TURBAY AYALA,3841,2834,6675,20,04COMUNA 4,TV 9 ESTE No 45A- 80
15,247,04,05,CUNDINAMARCA,SOACHA,I. E. GABRIEL GARCIA MARQUEZ,717,551,1268,4,04COMUNA 4,TRANSVERSAL 6 A ESTE No 11 B - 107
15,247,04,06,CUNDINAMARCA,SOACHA,IE LUIS C. GALAN-SD VILLAS DE CASALOMA,471,373,844,3,04COMUNA 4,CLL 59 B No 15 - 60 E
15,247,04,07,CUNDINAMARCA,SOACHA,BIBLIOTECA MUNICIPAL LA ISLA,576,459,1035,4,04COMUNA 4,CALLE 40 C No 33 C  21 E
15,247,04,08,CUNDINAMARCA,SOACHA,IE BUENOS AIRES SEDE A,681,645,1326,4,04COMUNA 4,CRA 50 ESTE NRO 51 57
15,247,04,09,CUNDINAMARCA,SOACHA,LICEO NUEVA VIDA,50,42,92,1,04COMUNA 4,CRA 33 A ESTE No 44-28
15,247,04,10,CUNDINAMARCA,SOACHA,CTRO REG. DE ATENCION A VICTIMAS CRAV,172,155,327,1,05COMUNA 5,CLL 38 # 19-20
15,247,05,01,CUNDINAMARCA,SOACHA,CENTRO COMERCIAL VENTURA TERREROS,5110,4370,9480,29,05COMUNA 5,CRA 1 NRO 38  89 SOACHA
15,247,05,02,CUNDINAMARCA,SOACHA,I.E. EL BOSQUE,5312,3936,9248,28,05COMUNA 5,CLL. 32 CON CR 19 ESTE
15,247,05,03,CUNDINAMARCA,SOACHA,I.E. SAN MATEO SEDE A,5515,4297,9812,30,05COMUNA 5,CR. 5 B ESTE No. 26  - 04
15,247,05,04,CUNDINAMARCA,SOACHA,I.E. SAN MATEO SEDE B,3825,3114,6939,21,05COMUNA 5,CR. 5 B ESTE No. 26  - 04
15,247,05,05,CUNDINAMARCA,SOACHA,I.E. LICEO MAYOR DE SOACHA,4664,3632,8296,25,05COMUNA 5,CLL. 38 No. 6 A - 55 ESTE
15,247,05,06,CUNDINAMARCA,SOACHA,CTRO DE ATENCION A PERSONAS CON DISCAP.,30,25,55,1,05COMUNA 5,CLL 29 No 6G 47 ESTE
15,247,05,07,CUNDINAMARCA,SOACHA,CENTRO COMERCIAL UNISUR,1294,1307,2601,8,05COMUNA 5,CRA 4 # 28-10
15,247,06,01,CUNDINAMARCA,SOACHA,I.E. LAS VILLAS- SEDE BARON DEL SOL,5188,3873,9061,28,06COMUNA 6,CLL 13 No 1-03 SAN HUMBERTO
15,247,06,02,CUNDINAMARCA,SOACHA,I.E. LAS VILLAS - SEDE LIBERTADORES,1595,309,1904,6,06COMUNA 6,CR. 8 ESTE No. 15 - 06
15,247,06,03,CUNDINAMARCA,SOACHA,I.E. SOL NACIENTE,4360,3362,7722,24,06COMUNA 6,CLL 15 A No. 1B - 12
15,247,06,04,CUNDINAMARCA,SOACHA,I.E. SAN MATEO - MARISCAL SUCRE,2604,2026,4630,14,06COMUNA 6,CLL. 26 C No. 2 - 06 MARISCAL SUCRE
15,247,06,05,CUNDINAMARCA,SOACHA,I E EDUARDO SANTOS SEDE PANAMERICANA,2871,2353,5224,16,06COMUNA 6,CLL. 6 No. 2 C - 55 EL ALTICO
15,247,06,06,CUNDINAMARCA,SOACHA,I.E. SOACHA PARA VIVIR MEJOR,736,650,1386,5,06COMUNA 6,CLL. 7 D No. 2 A - 05
15,247,06,07,CUNDINAMARCA,SOACHA,SALON COMUNAL ALTOS DE LA FLORIDA,496,437,933,3,06COMUNA 6,CLL 5 No 6A-03 BARRIO SAN MARTIN
15,247,06,08,CUNDINAMARCA,SOACHA,LICEO CRISTIANO VIDA NUEVA,868,695,1563,5,06COMUNA 6,CRA 3 No  19 A 47 BARRIO EL SOL
15,247,06,09,CUNDINAMARCA,SOACHA,IE EDUARDO SANTOS,761,760,1521,5,06COMUNA 6,CALLE 10A No 2A 41 BARRIO SAN BERNARDINO
15,247,06,10,CUNDINAMARCA,SOACHA,IE RICAURTE SEDE PORVENIR,140,104,244,1,06COMUNA 6,CLL 24 D # 0-15 ESTE
15,247,06,11,CUNDINAMARCA,SOACHA,IE RICAURTE SEDE ESPAÑA,1064,2221,3285,10,06COMUNA 6,CLL 18 CRA 3 ESTE
15,247,90,01,CUNDINAMARCA,SOACHA,COLEGIO BOLIVAR PRIMARIA,3778,4213,7991,11,,CR. 6 NO. 12 - 49 CENTRO
15,247,99,02,CUNDINAMARCA,SOACHA,I. E. EUGENIO DIAZ CASTRO SEDE CHACUA,212,200,412,2,07CORREGIMIENTO 1,CRA 1 ESTE No 2-37 VEREDA CHACUA
15,247,99,03,CUNDINAMARCA,SOACHA,I. E. EUGENIO DIAZ CASTRO SAN JORGE,388,387,775,3,07CORREGIMIENTO 1,VEREDA SAN JORGE
15,247,99,04,CUNDINAMARCA,SOACHA,SALON COMUNAL VEREDA FUSUNGA,145,118,263,1,07CORREGIMIENTO 1,VEREDA FUSUNGA
15,247,99,05,CUNDINAMARCA,SOACHA,I. E. EUGENIO DIAZ CASTRO SEDE PRIMARIA,565,537,1102,4,08CORREGIMIENTO 2,VEREDA EL CHARQUITO
15,247,99,06,CUNDINAMARCA,SOACHA,SALON COMUNAL SAN FRANCISCO,5,4,9,1,08CORREGIMIENTO 2,VEREDA SAN FRANCISCO - CONTIGUA A LA ESCUELA
15,250,00,01,CUNDINAMARCA,SOPO,COLISEO MUNICIPAL,4770,2992,7762,24,,CLL 4 No 2-16
15,250,00,02,CUNDINAMARCA,SOPO,C ACONDICIONAMIENTO Y PRE FISICA CAPF II,3597,5009,8606,26,,TRASVERSAL 6 No 1-29
15,250,00,03,CUNDINAMARCA,SOPO,ESCENARIO COMUN. INTEGRAL EL CHUSCAL,874,920,1794,6,,CLL 7 SUR N 2 A 31
15,250,00,04,CUNDINAMARCA,SOPO,COLEGIO COOPERATIVO SOPO,261,241,502,2,,CLL 2 No 2-73
15,250,99,25,CUNDINAMARCA,SOPO,BRICEÑO,960,878,1838,6,,CL7 No 5 - 11 I.E.DPTAL.RAFAEL POMBO
15,250,99,26,CUNDINAMARCA,SOPO,LA VIOLETA,141,127,268,1,,VEREDA LA VIOLETA SALON COMUNAL
15,256,00,01,CUNDINAMARCA,SUBACHOQUE,IED RICARDO GONZALEZ SEDE A,4054,4025,8079,25,,CLL 1  No 5 - 197
15,256,00,02,CUNDINAMARCA,SUBACHOQUE,COLISEO MUNICIPAL SUBACHOQUE,1853,1931,3784,12,,VIA SUBACHOQUE TABIO BARRIO LA ERMITA
15,256,99,05,CUNDINAMARCA,SUBACHOQUE,LA PRADERA,528,548,1076,3,,COL DEPARTAMENTAL LA PRADERA SD B
15,256,99,15,CUNDINAMARCA,SUBACHOQUE,EL GUAMAL,143,149,292,1,,SALON COMUNAL
15,259,00,00,CUNDINAMARCA,SUESCA,PUESTO CABECERA MUNICIPAL,5448,5270,10718,33,,ESC. URBANA GENERAL SANTANDER
15,259,99,01,CUNDINAMARCA,SUESCA,HATO GRANDE,299,297,596,2,,ESC. RURAL HATO GRANDE
15,259,99,02,CUNDINAMARCA,SUESCA,SANTA ROSITA,194,193,387,2,,SALON COMUNAL
15,259,99,03,CUNDINAMARCA,SUESCA,IE DPTAL CACICAZGO,111,75,186,1,,VEREDA CACICAZGO
15,262,00,00,CUNDINAMARCA,SUPATA,PUESTO CABECERA MUNICIPAL,2281,2472,4753,15,,ESC PRIM PABLO VI CLL 2 NO 3-33
15,265,00,00,CUNDINAMARCA,SUSA,PUESTO CABECERA MUNICIPAL,2761,2916,5677,17,,CRA 5 No 10A-30 IED TISQUESUSA
15,268,00,00,CUNDINAMARCA,SUTATAUSA,PUESTO CABECERA MUNICIPAL,1879,1916,3795,12,,I.E. DEPATAL. INTEGRADO
15,268,99,01,CUNDINAMARCA,SUTATAUSA,LAS PEÑAS,269,272,541,2,,SALON COMUNAL LAS PEÑAS DE BOQUERON
15,271,00,01,CUNDINAMARCA,TABIO,POLIDEPORTIVO MUNICIPAL - TABIO,4546,3537,8083,25,,CARRERA 5A No. 4-26
15,271,00,02,CUNDINAMARCA,TABIO,CASA DE LA CULTURA,2603,2702,5305,16,,CARRERA 4 No. 3 - 89
15,271,00,03,CUNDINAMARCA,TABIO,COLEGIO GIMNASIO MODERNO SANTA BARBARA,1835,2666,4501,14,,CARRERA 3 N 3 61
15,271,00,04,CUNDINAMARCA,TABIO,IED JOSE DE SAN MARTIN,268,238,506,2,,AV TERMALES No 6-18
15,271,99,01,CUNDINAMARCA,TABIO,IEDR DIEGO GOMEZ DE MENA,183,137,320,1,,VDA RIOFRIO OCCIDENTAL SECTOR EL BOTE
15,274,00,01,CUNDINAMARCA,TAUSA,POLIDEPORTIVO MUNICIPAL,2191,2503,4694,15,,CALLE 4 CON CARRERA 4
15,274,00,02,CUNDINAMARCA,TAUSA,IEDIT-IE DPTAL INTEGRADA DE TAUSA,629,678,1307,4,,CRA 4 No 4 - 31
15,274,99,01,CUNDINAMARCA,TAUSA,EL SALITRE,113,150,263,1,,INSP DE POLICIA EL SALITRE
15,274,99,02,CUNDINAMARCA,TAUSA,PARAMO ALTO,53,68,121,1,,INSP DE POLICIA DE PARAMO ALTO
15,277,00,00,CUNDINAMARCA,TENA,PUESTO CABECERA MUNICIPAL,2265,2378,4643,14,,CRA 1 No 3 - 36
15,277,99,50,CUNDINAMARCA,TENA,PUESTO INSPECCION LA GRAN VIA,1663,1651,3314,10,,CLL 2 No 1-15
15,280,00,01,CUNDINAMARCA,TENJO,POLIDEPORTIVO MUNICIPAL,4780,4236,9016,27,,CL 3 No 6-71
15,280,00,02,CUNDINAMARCA,TENJO,IED GENERAL SANTANDER,3243,3382,6625,20,,CRA 5  No 4- 01
15,280,00,03,CUNDINAMARCA,TENJO,SALON MULTIFUNCIONAL CASA DE LA MUJER,1108,1095,2203,7,,CRA 9 No 3
15,280,99,10,CUNDINAMARCA,TENJO,LA PUNTA,644,666,1310,4,,VEREDA LA PUNTA
15,283,00,00,CUNDINAMARCA,TIBACUY,PUESTO CABECERA MUNICIPAL,994,1084,2078,7,,CRA 4 N 4 27
15,283,99,01,CUNDINAMARCA,TIBACUY,CUMACA,840,877,1717,5,,ESCUELA MARCO FIDEL SUAREZ
15,283,99,50,CUNDINAMARCA,TIBACUY,SALON COMUNAL BATEAS,352,411,763,3,,BATEAS
15,286,00,00,CUNDINAMARCA,TIBIRITA,PUESTO CABECERA MUNICIPAL,1462,1607,3069,10,,CRA 2 CON CLL 4
15,289,00,01,CUNDINAMARCA,TOCAIMA,POLIDEPORTIVO PEPE ZABALA,3886,2989,6875,21,,CLL 5 CRA 9 POLIDEPORTIVO PEPE ZABALA
15,289,00,02,CUNDINAMARCA,TOCAIMA,CENTRO DE INTEGRACION CIUDADANA,2501,3605,6106,19,,CLL 1 # 8 81 P.DEPORTIVO CENTRO INTREGACION CIUD
15,289,99,01,CUNDINAMARCA,TOCAIMA,PUBENZA,166,160,326,1,,COLEGIO RURAL PUBENZA
15,292,01,01,CUNDINAMARCA,TOCANCIPA,COLEGIO SAN LUIS GONZAGA,2957,4980,7937,24,,KR 6 # 11-38
15,292,01,02,CUNDINAMARCA,TOCANCIPA,INS. EDUCATIVA LA FUENTE,2846,1473,4319,13,,KM 6 VIA ZIPAQUIRA VDA. LA FUENTE
15,292,01,03,CUNDINAMARCA,TOCANCIPA,INST EDU DEPARTAMENTAL TECNICO COMERCIAL,2755,2502,5257,16,,Calle 13 No 10 20 finca taboima
15,292,01,04,CUNDINAMARCA,TOCANCIPA,COLISEO MUNICIPAL DE TOCANCIPA,1244,1083,2327,7,,TV 7 No 13 - 99
15,292,02,01,CUNDINAMARCA,TOCANCIPA,I. E. DPTAL TECNICO INDUSTRIAL,3652,2592,6244,19,,KM 2 VIA SECTOR JUANCHOPOLA VERGANZO
15,292,02,02,CUNDINAMARCA,TOCANCIPA,INSTITUCION EDUCATIVA CANAVITA,1809,1909,3718,12,,"KM 1,5 VIA CANAVITA - SOPO"
15,292,02,03,CUNDINAMARCA,TOCANCIPA,CENTRO DE INTEGRACION CIUDADANA CIC,3699,3355,7054,22,,ANILLO VIAL VERGANZO
15,292,02,04,CUNDINAMARCA,TOCANCIPA,SALON COMUNAL DE CANAVITA,750,638,1388,5,,VIA TOCANCIPA SOPO VEREDA CANAVITA
15,292,02,05,CUNDINAMARCA,TOCANCIPA,SALON COMUNAL TORRES DE SAN JUAN,628,440,1068,4,,VDA VERGANZO TORRES DE SAN JUAN
15,292,99,01,CUNDINAMARCA,TOCANCIPA,ESCUELA RURAL LA ESMERALDA,488,396,884,3,,VEREDA LA ESMERALDA SECTOR LA ESCUELA
15,292,99,02,CUNDINAMARCA,TOCANCIPA,SALON COMUNAL LA ESMERALDA,18,33,51,1,,VDA LA ESMERALDA SALON COMUNAL
15,295,00,00,CUNDINAMARCA,TOPAIPI,PUESTO CABECERA MUNICIPAL,1353,1602,2955,9,,POLIDEPORTIVO MUNICIPAL
15,295,99,01,CUNDINAMARCA,TOPAIPI,SAN ANTONIO DE AGUILERA,391,497,888,3,,PLAZA DE MERCADO
15,295,99,02,CUNDINAMARCA,TOPAIPI,EL NARANJAL,300,366,666,2,,ESC. RURAL NARANJAL
15,298,00,00,CUNDINAMARCA,UBALA,PUESTO CABECERA MUNICIPAL,2323,3022,5345,17,,POLIDEPORTIVO MUNICIPAL
15,298,99,01,CUNDINAMARCA,UBALA,VEREDA SANTA BARBARA,78,69,147,1,,VEREDA SANTA BARBARA
15,298,99,02,CUNDINAMARCA,UBALA,LA PLAYA,71,99,170,1,,SALON DE LA INSPECCION DE POLICIA
15,298,99,03,CUNDINAMARCA,UBALA,LAGUNA AZUL,203,245,448,2,,SALON DE LA INSPECCION DE POLICIA
15,298,99,04,CUNDINAMARCA,UBALA,VEREDA SAN PEDRO,51,56,107,1,,VEREDA SAN PEDRO
15,298,99,05,CUNDINAMARCA,UBALA,MAMBITA,498,544,1042,3,,SALON COMUNAL POMONA
15,298,99,06,CUNDINAMARCA,UBALA,VEREDA SAN JUAN,74,79,153,1,,VEREDA SAN JUAN
15,298,99,07,CUNDINAMARCA,UBALA,PEÑAS BLANCAS,35,56,91,1,,SALON DE LA INSPECCION DE POLICIA
15,298,99,08,CUNDINAMARCA,UBALA,VEREDA RIO NEGRO,25,32,57,1,,VEREDA RIO NEGRO
15,298,99,09,CUNDINAMARCA,UBALA,SAN PEDRO DE JAGUA,301,326,627,2,,I.E.DEPTAL. KENNEDY
15,298,99,10,CUNDINAMARCA,UBALA,LA MESA,35,52,87,1,,VIA TERCIARIA DEL MUNICIPIO INSP. SANTA ROSA
15,298,99,11,CUNDINAMARCA,UBALA,SANTA ROSA,162,207,369,2,,KIOSKO MUNICIPAL PARQUE PRINCIPAL
15,298,99,12,CUNDINAMARCA,UBALA,INSTITUCION EDUCATIVA SOYA,96,86,182,1,,INSPECCION SOYA
15,298,99,13,CUNDINAMARCA,UBALA,INSTITUCION EDUCATIVA LAS MARGARITAS,33,53,86,1,,VEREDA LAS MARGARITAS
15,301,00,00,CUNDINAMARCA,UBAQUE,PUESTO CABECERA MUNICIPAL,2847,3254,6101,19,,CALLE 3 # 4-60 CENTRO
15,301,99,01,CUNDINAMARCA,UBAQUE,PUESTO VEREDA SABANILLA,141,122,263,1,,"SALON COMUNAL VDA SABANILLA, IDE VDA SABANILLA"
15,304,01,01,CUNDINAMARCA,UBATE,UNIVERSIDAD CUNDINAMARCA,4148,3318,7466,23,,CL 6 N 9 - 80
15,304,01,02,CUNDINAMARCA,UBATE,CENTRO COMERCIAL LA SEGUNDA,1747,2551,4298,13,,Calle 4 carrera 2
15,304,01,03,CUNDINAMARCA,UBATE,MEGA COLEGIO BARRIO SAN JOSE,1145,1321,2466,8,,CALLE 1 E No. 11 83
15,304,01,04,CUNDINAMARCA,UBATE,UNIDAD BASICA,2287,2257,4544,14,,CALLE 6 CON CARRERA 11
15,304,01,05,CUNDINAMARCA,UBATE,ESCUELA NORMAL SUPERIOR,231,190,421,2,,CRA 6 No 9 - 06
15,304,02,01,CUNDINAMARCA,UBATE,INSTITUTO BOLIVAR,4235,2690,6925,21,,CARRERA 11 No. 12 -168
15,304,02,02,CUNDINAMARCA,UBATE,COLISEO MUNICIPAL,4131,4847,8978,27,,CRA 4 CON CL 14
15,304,02,03,CUNDINAMARCA,UBATE,COLEGIO SANTA MARIA,195,158,353,2,,CRA  11 No 11-113
15,304,98,01,CUNDINAMARCA,UBATE,CARCEL,5,71,76,1,,CRA 7 N 6-41 1ER PISO
15,304,99,01,CUNDINAMARCA,UBATE,VIENTO LIBRE,312,245,557,2,,Salón comunal Viento Libre
15,304,99,02,CUNDINAMARCA,UBATE,BRUSELAS,85,76,161,1,,SALON COMUNAL BRUSELAS
15,304,99,03,CUNDINAMARCA,UBATE,VOLCAN DOS,101,67,168,1,,SALON COMUNAL VOLCAN DOS
15,304,99,04,CUNDINAMARCA,UBATE,ESCUELA RURAL TAUSAVITA,14,14,28,1,,VEREDA TAUSAVITA SECTOR LA ESCUELA
15,304,99,28,CUNDINAMARCA,UBATE,GUATANCUY,351,386,737,3,,INSPECCION DE GUATANCUY
15,307,00,01,CUNDINAMARCA,UNE,COLISEO POLIDEPORTIVO GUSTAVO MOYA ANGEL,3183,3524,6707,21,,COLISEO POLIDEPORTIVO GUSTAVO MOYA ANGEL
15,307,00,02,CUNDINAMARCA,UNE,ESCUELA PEDRO ELISEO CRUZ,71,62,133,1,,CRA 2 No 3-42
15,307,99,01,CUNDINAMARCA,UNE,INSPECCION DE POLICIA EL RAMAL,30,47,77,1,,INSPECCION DE POLICIA EL RAMAL
15,316,00,00,CUNDINAMARCA,UTICA,PUESTO CABECERA MUNICIPAL,2378,2717,5095,16,,POLIDEPORTIVO MUNICIPAL
15,318,00,00,CUNDINAMARCA,VENECIA,COLISEO DE DEPORTES,1591,1798,3389,11,,CLL 4 # 1-36
15,318,99,04,CUNDINAMARCA,VENECIA,ESCUELA SAN ANTONIO,61,82,143,1,,Vereda San Antonio
15,318,99,08,CUNDINAMARCA,VENECIA,APOSENTOS,127,151,278,1,,CASETA COMUNAL
15,318,99,09,CUNDINAMARCA,VENECIA,ESCUELA LAS BRISAS,29,37,66,1,,VEREDA PALMAR MEDIO A 30 KM DE LA CABECERA
15,319,00,00,CUNDINAMARCA,VERGARA,PUESTO CABECERA MUNICIPAL,2389,2712,5101,16,,PLAZA DE MERCADO
15,319,99,01,CUNDINAMARCA,VERGARA,CERINZA,150,210,360,1,,CONCENTRACION ESCOLAR CERINZA
15,319,99,02,CUNDINAMARCA,VERGARA,CORCEGA,77,99,176,1,,SALON COMUNAL
15,319,99,03,CUNDINAMARCA,VERGARA,CHONTEGRANDE,281,385,666,2,,IEDR LA ESPERANZA
15,319,99,04,CUNDINAMARCA,VERGARA,GUACAMAYAS,115,149,264,1,,CONCENTRACION ESCOLAR
15,319,99,05,CUNDINAMARCA,VERGARA,LLANO GRANDE,235,261,496,2,,SALON COMUNAL
15,319,99,06,CUNDINAMARCA,VERGARA,VILLA OLARTE (FLANDES),144,174,318,1,,PUESTO DE SALUD
15,322,00,00,CUNDINAMARCA,VIANI,PUESTO CABECERA MUNICIPAL,2082,2348,4430,14,,CLL 4 No 5-60 CENTRO
15,323,00,00,CUNDINAMARCA,VILLAGOMEZ,PUESTO CABECERA MUNICIPAL,968,1064,2032,7,,I.E.D MISAEL GOMEZ CALLE 6 No 3 -10
15,323,99,01,CUNDINAMARCA,VILLAGOMEZ,CERRO AZUL,90,108,198,1,,SALON COMUNAL CERRO AZUL
15,325,00,01,CUNDINAMARCA,VILLAPINZON,PLAZA DE MERCADO,5526,5680,11206,34,,PLAZA DE MERCADO CRA 7 No 2-26 B. 20 DE JULIO
15,325,00,02,CUNDINAMARCA,VILLAPINZON,COL. MPAL FRANCISCO DE VARGAS FIGUEROA,1602,1848,3450,11,,CLL 6 No 3 - 30
15,328,01,01,CUNDINAMARCA,VILLETA,ESCUELA LA VALENCIA,2840,3244,6084,19,,CLL 2 No. 7 - 54 BARRIO ALFONSO LOPEZ
15,328,01,02,CUNDINAMARCA,VILLETA,SENA,4591,1116,5707,18,,CLL 2 No 13 - 03  BARRIO SAN RAFAEL
15,328,02,01,CUNDINAMARCA,VILLETA,CONC. POLICARPA SALAVARRIETA,1513,4579,6092,19,,CALLE 7 No. 10-17 BARRIO MURILLO TORO
15,328,02,02,CUNDINAMARCA,VILLETA,ESCUELA CARLOS LLERAS,2199,2365,4564,14,,CARRERA 6 No. 7 - 47 BARRIO PEÑA NEGRA
15,328,02,03,CUNDINAMARCA,VILLETA,IED PROMOCION SOCIAL,654,585,1239,4,,DIAGONAL 8   No 3 - 38 BARRIO BUENOS AIRES
15,328,98,01,CUNDINAMARCA,VILLETA,CARCEL MUNICIPAL,0,31,31,1,,CRA 6 No  3-160 PALACIO MUNICIPAL
15,328,99,01,CUNDINAMARCA,VILLETA,IED COLEGIO CUNE,140,143,283,1,,IED RURAL CUNE VEREDA CUNE
15,328,99,20,CUNDINAMARCA,VILLETA,BAGAZAL,461,511,972,3,,COLEGIO DEPARTAMENTAL BAGAZAL
15,328,99,30,CUNDINAMARCA,VILLETA,CHAPAIMA,128,163,291,1,,ESC. RURAL EL HIGUERON
15,328,99,40,CUNDINAMARCA,VILLETA,ILO GRANDE,30,72,102,1,,ESC. RURAL ILO GRANDE
15,331,00,01,CUNDINAMARCA,VIOTA,CENTRO POLIDEPORTIVO MUNICIPAL,3216,2346,5562,17,,CL 16#10-52 CTRO POLIDEPOR MUN
15,331,00,02,CUNDINAMARCA,VIOTA,ESCUELA MARIA INMACULADA,1337,2460,3797,12,,CRA 10 20-58 BARRIO CENTRO
15,331,99,01,CUNDINAMARCA,VIOTA,SAN GABRIEL,589,716,1305,4,,POLIDEPORTIVO DE LA INSPECCION
15,331,99,02,CUNDINAMARCA,VIOTA,BRASIL,455,520,975,3,,I.E.DE PROMOCION SOCILA LIBERIA
15,331,99,03,CUNDINAMARCA,VIOTA,EL PIÑAL,181,222,403,2,,ESC. EL PIÑAL
15,331,99,04,CUNDINAMARCA,VIOTA,IED BAJO PALMAR,56,64,120,1,,VEREDA BAJO PALMAR
15,334,00,00,CUNDINAMARCA,YACOPI,PUESTO CABECERA MUNICIPAL,2712,3011,5723,18,,PLAZA DE MERCADO
15,334,99,01,CUNDINAMARCA,YACOPI,ALSACIA,184,254,438,2,,PLAZA DE MERCADO
15,334,99,02,CUNDINAMARCA,YACOPI,ALTO DE CAÑAS,91,155,246,1,,ESCUELA
15,334,99,03,CUNDINAMARCA,YACOPI,APOSENTOS,171,179,350,1,,ESCUELA
15,334,99,04,CUNDINAMARCA,YACOPI,EL CHAPON (LAS LOMAS),50,82,132,1,,INSPECCION
15,334,99,05,CUNDINAMARCA,YACOPI,GUADUALITO,242,316,558,2,,PLAZA DE MERCADO
15,334,99,06,CUNDINAMARCA,YACOPI,CABO VERDE,54,93,147,1,,INSPECCION
15,334,99,09,CUNDINAMARCA,YACOPI,ESCUELA GUAYABALES,172,234,406,2,,SALON DE ESCUELA GUAYABALES
15,334,99,13,CUNDINAMARCA,YACOPI,IBAMA,270,371,641,2,01CORREGIMIENTO IBAMA,PLAZA DE MERCADO
15,334,99,21,CUNDINAMARCA,YACOPI,LLANO MATEO,345,471,816,3,,PLAZA DE MERCADO
15,334,99,23,CUNDINAMARCA,YACOPI,PATEVACA,294,391,685,2,,PLAZA DE MERCADO
15,334,99,25,CUNDINAMARCA,YACOPI,PUEBLO NUEVO,65,128,193,1,,SALON COMUNAL
15,334,99,29,CUNDINAMARCA,YACOPI,TERAN,235,328,563,2,,PLAZA DE MERCADO
15,334,99,30,CUNDINAMARCA,YACOPI,VEREDA EL CASTILLO,122,153,275,1,,POLIDEPORTIVO
15,337,00,00,CUNDINAMARCA,ZIPACON,PUESTO CABECERA MUNICIPAL,1592,1713,3305,10,,CALLE 7 CARRERA 4 - 53
15,337,99,01,CUNDINAMARCA,ZIPACON,EL OCASO,533,549,1082,3,,KM 21 VIA CACHIPAY - EL OCASO
15,340,01,01,CUNDINAMARCA,ZIPAQUIRA,IEM CUNDINAMARCA,5540,5385,10925,33,01COMUNA 1,CL 7 N 1A-36 BR. LA CONCEPCION
15,340,01,02,CUNDINAMARCA,ZIPAQUIRA,COLEGIO RAFAEL POMBO,1846,1985,3831,12,02COMUNA 2,CL 18 NO 4 - 24 B. SAN JUANITO
15,340,01,03,CUNDINAMARCA,ZIPAQUIRA,ESCUELA QUEVEDO Z,8679,5694,14373,44,03COMUNA 3,AV 23 N 14-41 B. SAN RAFAEL
15,340,01,04,CUNDINAMARCA,ZIPAQUIRA,SEDE EDU SIMON BOLIVAR,6899,3539,10438,32,03COMUNA 3,CARRERA 14 No 18-38
15,340,01,05,CUNDINAMARCA,ZIPAQUIRA,IEM SAN JUAN BAUTISTA DE SALLE SD PRIMAR,2270,2064,4334,13,03COMUNA 3,CARRERA23 12 47
15,340,01,06,CUNDINAMARCA,ZIPAQUIRA,SALON COMUNAL SANJUANITO,1589,1241,2830,9,02COMUNA 2,CALLE 18 4 26
15,340,01,07,CUNDINAMARCA,ZIPAQUIRA,IEM TEC LUIS ORJUELA SEDE MARISCAL SUCRE,411,347,758,3,02COMUNA 2,CARRERA 1B No 23 40
15,340,01,08,CUNDINAMARCA,ZIPAQUIRA,ESCUELA FRANCISCO DE PAULA SANTANDER,154,179,333,1,01COMUNA 1,CLL 8 No 1 - 50
15,340,01,09,CUNDINAMARCA,ZIPAQUIRA,IEM GUILLERMO QUEVEDO Z SD LA 14,422,381,803,3,03COMUNA 3,CLL 14 No 14 - 75
15,340,01,10,CUNDINAMARCA,ZIPAQUIRA,CIC DE PRADOS DEL MIRADOR,488,388,876,3,03COMUNA 3,CLL 28 No 15 - 32
15,340,02,01,CUNDINAMARCA,ZIPAQUIRA,COLEGIO LICEO INTEGRADO,3635,8605,12240,37,04COMUNA 4,CL 8 N 12-37 ALGARRA II
15,340,02,02,CUNDINAMARCA,ZIPAQUIRA,INST.EDUC.SANTIAGO PEREZ,7445,5247,12692,38,04COMUNA 4,CL 1 N 21-01 B. JULIO CARO
15,340,02,03,CUNDINAMARCA,ZIPAQUIRA,GABRIELA MISTRAL SEDE NUEVA,3901,4430,8331,25,04COMUNA 4,CALLE 8 No. 11 - 27
15,340,02,04,CUNDINAMARCA,ZIPAQUIRA,CAMI PAUZ,1284,1034,2318,7,05COMUNA 5,CLL 2F No 3 - 15 BARANDILLAS
15,340,02,05,CUNDINAMARCA,ZIPAQUIRA,COLEGIO DE LA PRESENTACION,2212,2342,4554,14,04COMUNA 4,CRA 9 # 9-41
15,340,02,06,CUNDINAMARCA,ZIPAQUIRA,COLISEO ARENA DE SAL,2053,1837,3890,12,04COMUNA 4,CARRERA 23 No 2 65
15,340,02,07,CUNDINAMARCA,ZIPAQUIRA,CIC DE BARANDILLAS,236,188,424,2,05COMUNA 5,CRA 2 N 2E
15,340,02,08,CUNDINAMARCA,ZIPAQUIRA,I.E. DPTAL TECNICO INDUSTRIAL,3327,3509,6836,21,04COMUNA 4,CLL 2 No 23 - 07 BR. JULIO CARO
15,340,99,01,CUNDINAMARCA,ZIPAQUIRA,CORREGIMIENTO 1 ESC SAN ISIDRO,561,587,1148,4,06CORREGIMIENTO 1,KILOMETRO 9 VIA PACHO
15,340,99,02,CUNDINAMARCA,ZIPAQUIRA,CORREGIMIENTO 2 (ESC BARANDILLAS),3420,3117,6537,18,07CORREGIMIENTO 2,CRA 4 No 5-27 VIA SAN MIGUEL
15,340,99,03,CUNDINAMARCA,ZIPAQUIRA,CORREGIMIENTO 3 (ESC SAN JORGE),687,653,1340,4,08CORREGIMIENTO 3,KM 5 VIA ZIPAQUIRA A TABIO
15,340,99,04,CUNDINAMARCA,ZIPAQUIRA,CORREGIMIENTO 2 ESCUELA SAN MIGUEL,155,113,268,1,07CORREGIMIENTO 2,VEREDA BARANDILLAS SECTOR SAN MIGUEL