Categoría,Fila,Mensaje,Detalle
Estructura,240,"Fila sin nombre de actividad","{"PoliticaPublica":"PPM de Primera Infancia, Infancia y Adolescencia 2024 - 2034","Codigo_Eje":2.2,"Linea de Accion":"Asegurar el acceso a los niños, niñas y adolescenes a una implementacion","CODIGO_ACTIVIDAD":"2.205","DEPENDENCIA":"Sec de Desarrollo Social - PIC","Tipo_de_Meta":"Booleano","Meta":true,"Periodicidad":"Anual"}"
Estructura,244,"Fila sin nombre de actividad","{"PoliticaPublica":"PPM de Primera Infancia, Infancia y Adolescencia 2024 - 2034","Codigo_Eje":4.1,"Eje":"CADA NIÑO Y NIÑA CRECE EN ENTORNOS QUE FAVORECEN SU \nDESARROLLO.","Linea de estrategica":"EDUCACION INICIAL","Linea de Accion":"Garantizar la atención a los niños y niñas de primera infancia en programas del \nICBF (CDI, HCB, familiares, Fami y grupal), educación inicial en instituciones \npúblicas o privadas (pre jardín, jardín, transición y grado 0)","CODIGO_ACTIVIDAD":"4.101","DEPENDENCIA":"Sec de Desarrollo Social - Direccion Mujer y Familia","Tipo_de_Meta":"Booleano","Meta":true,"Periodicidad":"Anual"}"
Estructura,248,"Fila sin nombre de actividad","{"PoliticaPublica":"PPM de Primera Infancia, Infancia y Adolescencia 2024 - 2034","Codigo_Eje":5.2,"Eje":"CADA NIÑO, NIÑA Y ADOLESCENTE GOZA Y CULTIVA SUS INTERESES EN TORNO A LAS ARTES, LA CULTURA, EL DEPORTE, EL JUEGO Y LA CREATIVIDAD.","Linea de Accion":"Garantizar espacios en los niños, niñas y adolesc","CODIGO_ACTIVIDAD":"5.201","DEPENDENCIA":"IMRDA","Tipo_de_Meta":"Booleano","Meta":true,"Periodicidad":"Anual"}"
Estructura,263,"Fila sin nombre de actividad","{"PoliticaPublica":"PPM de Primera Infancia, Infancia y Adolescencia 2024 - 2034","Codigo_Eje":8,"Eje":"CADA NIÑO, NIÑA Y ADOLESCENTE CONSTRUYE SU SEXUALIDAD DE ANERA LIBRE, AUTONOMA Y RESPONSABLE","CODIGO_ACTIVIDAD":"801","DEPENDENCIA":"Sec de Desarrollo Social - PIC","Tipo_de_Meta":"Booleano","Meta":true,"Periodicidad":"Anual"}"
Estructura,292,"Fila sin nombre de actividad","{"PoliticaPublica":"PPM de Salud Mental 2023 - 2033","Codigo_Eje":1,"Eje":"PROMOCIÓN DE LA SALUD \nMENTAL Y LA \nCONVIVENCIA SOCIAL","Linea de estrategica":"Educación y socialización de las rutas de atención municipales de eventos de salud mental para la promoción de la sana convivencia y la autogestión de problemáticas sociales","Linea de Accion":"Aumentar en un 30% las acciones de promoción de rutas de atención de los eventos de salud mental","CODIGO_ACTIVIDAD":"101","DEPENDENCIA":"Integrantes de la Red de Salud Mental","Periodicidad":"Anual"}"
Estructura,293,"Fila sin nombre de actividad","{"PoliticaPublica":"PPM de Salud Mental 2023 - 2033","Codigo_Eje":1,"Eje":"PROMOCIÓN DE LA SALUD \nMENTAL Y LA \nCONVIVENCIA SOCIAL","Linea de estrategica":"Información, comunicación y \neducación para el desarrollo de \ncapacidades individuales y comunitarias, en \nhabilidades parentales, métodos adecuados de crianza, crianza con amor, establecimiento de normas y límites","Linea de Accion":"Aumentar en un 30% el número de actividades de educación para el desarrollo de habilidades parentales,  métodos adecuados de crianza, crianza con amor, establecimiento de normas y límites","CODIGO_ACTIVIDAD":"102","DEPENDENCIA":"Integrantes de la Red de Salud Mental","Periodicidad":"Anual"}"
Estructura,294,"Fila sin nombre de actividad","{"PoliticaPublica":"PPM de Salud Mental 2023 - 2033","Codigo_Eje":1,"Eje":"PROMOCIÓN DE LA SALUD \nMENTAL Y LA \nCONVIVENCIA SOCIAL","Linea de estrategica":"Educación para la promoción y \nmantenimiento de la salud mental y el autocuidado en los diferentes entornos de vida, dirigida a individuos, familias, instituciones y comunidades","Linea de Accion":"Aumentar un 10% el Número actividades de promoción de la Salud Mental y el autocuidado de los programas Municipales","CODIGO_ACTIVIDAD":"103","DEPENDENCIA":"Integrantes de la Red de Salud Mental","Periodicidad":"Anual"}"
Estructura,295,"Fila sin nombre de actividad","{"PoliticaPublica":"PPM de Salud Mental 2023 - 2033","Codigo_Eje":1,"Eje":"PROMOCIÓN DE LA SALUD \nMENTAL Y LA \nCONVIVENCIA SOCIAL","Linea de estrategica":"Educación para el desarrollo de habilidades de reacción comunitarias e institucionales frente a eventos de salud mental por medio de formación en primero auxilios psicológicos","Linea de Accion":"Aumentar en un 50% el número de actividades de entrenamiento en primeros auxilios psicológicos a nivel comunitario e institucional","CODIGO_ACTIVIDAD":"104","DEPENDENCIA":"Integrantes de la Red de Salud Mental","Periodicidad":"Anual"}"
Estructura,296,"Fila sin nombre de actividad","{"PoliticaPublica":"PPM de Salud Mental 2023 - 2033","Codigo_Eje":1,"Eje":"PROMOCIÓN DE LA SALUD \nMENTAL Y LA \nCONVIVENCIA SOCIAL","Linea de estrategica":"Desarrollo de capacidades individuales, familiares, institucionales y comunitarias para \nla promoción de la Convivencia Social en los diferentes entornos de vida","Linea de Accion":"Aumentar en un 10% el número de actividades de fortalecimiento de capacidades para la promoción de la convivencia social","CODIGO_ACTIVIDAD":"105","DEPENDENCIA":"Integrantes de la Red de Salud Mental","Periodicidad":"Anual"}"
Estructura,297,"Fila sin nombre de actividad","{"PoliticaPublica":"PPM de Salud Mental 2023 - 2033","Codigo_Eje":2,"Eje":"PREVENCIÓN DE \nPROBLEMAS/TRASTORNOS \nMENTALES, EPILEPSIA, \nCONSUMO DE \nSUSTANCIAS \nPSICOACTIVAS Y \nVIOLENCIAS","Linea de estrategica":"Creación y fortalecimiento de espacios de información, sensibilización e intervenciones  breves frente a los eventos de salud mental municipales","Linea de Accion":"Aumentar en un 5% los espacios de información, sensibilización,  e intervenciones breves para los eventos de salud mental municipales","CODIGO_ACTIVIDAD":"201","DEPENDENCIA":"Integrantes de la Red de Salud Mental","Periodicidad":"Anual"}"
Estructura,298,"Fila sin nombre de actividad","{"PoliticaPublica":"PPM de Salud Mental 2023 - 2033","Codigo_Eje":2,"Eje":"PREVENCIÓN DE \nPROBLEMAS/TRASTORNOS \nMENTALES, EPILEPSIA, \nCONSUMO DE \nSUSTANCIAS \nPSICOACTIVAS Y \nVIOLENCIAS","Linea de estrategica":"Desarrollo de capacidades institucionales, sociales y comunitarias, para detectar tempranamente los diversos eventos de salud mental","Linea de Accion":"Fortalecer en un 80% el desarrollo de espacios de formación institucionales y comunitatios para la detección temprana de los eventos de salud mental en el municipio","CODIGO_ACTIVIDAD":"202","DEPENDENCIA":"Integrantes de la Red de Salud Mental","Periodicidad":"Anual"}"
Estructura,299,"Fila sin nombre de actividad","{"PoliticaPublica":"PPM de Salud Mental 2023 - 2033","Codigo_Eje":2,"Eje":"PREVENCIÓN DE \nPROBLEMAS/TRASTORNOS \nMENTALES, EPILEPSIA, \nCONSUMO DE \nSUSTANCIAS \nPSICOACTIVAS Y \nVIOLENCIAS","Linea de estrategica":"Creación de procesos de formación en los diferentes entornos, enfocados al fortalecimiento de habilidades emocionales, sociales de afrontamiento, personales, autoesquemas y habilidades sociales para la prevención de violencias y conducta suicida","Linea de Accion":"Aumentar en un 10% los procesos de formación enfocados al fortalecimiento de habildiades emocionales, de afrontamiento y autoesquemas","CODIGO_ACTIVIDAD":"203","DEPENDENCIA":"Integrantes de la Red de Salud Mental","Periodicidad":"Anual"}"
Estructura,300,"Fila sin nombre de actividad","{"PoliticaPublica":"PPM de Salud Mental 2023 - 2033","Codigo_Eje":2,"Eje":"PREVENCIÓN DE \nPROBLEMAS/TRASTORNOS \nMENTALES, EPILEPSIA, \nCONSUMO DE \nSUSTANCIAS \nPSICOACTIVAS Y \nVIOLENCIAS","Linea de estrategica":"Implementación estrategias de Prevención Universal, selectiva e indicada  desarrollando estrategias formativas en los diferentes entornos, que fortalezcan habilidades psicosociales, manejo emocional, estrategias de afrontamiento, desarrollo de competencias y el adecuado uso del tiempo libre a través de prácticas deportivas , artísticas y culturales que contribuyan a la construcción del proyecto de vida, para prevenir el uso de sustancias psicoactivas","Linea de Accion":"Aumentar en un 80% la implementación de estrategias de prevención universal, selectiva e indicada para la prevención del consumo de SPA, mediante el fortalecimiento del proyecto de vida","CODIGO_ACTIVIDAD":"204","Periodicidad":"Anual"}"
Estructura,301,"Fila sin nombre de actividad","{"PoliticaPublica":"PPM de Salud Mental 2023 - 2033","Codigo_Eje":3,"Eje":"GESTIÓN PARA LA \nATENCIÓN INTEGRAL DE \nPROBLEMAS/TRASTORNOS \nMENTALES , EPILEPSIA Y \nCONSUMO DE \nSUSTANCIAS \nPSICOACTIVAS, \nCONDUCTA SUICIDA Y \nVIOLENCIAS","Linea de estrategica":"Fortalecimiento de la capacidad de respuesta del personal de salud en torno a la atención no especializada y especializada de los problemas y trastornos mentales y consumo de sustancias psicoactivas","Linea de Accion":"Fortalecer en un 10% la atención de los problemas y eventos de la salud mental","CODIGO_ACTIVIDAD":"301","Periodicidad":"Anual"}"
Estructura,302,"Fila sin nombre de actividad","{"PoliticaPublica":"PPM de Salud Mental 2023 - 2033","Codigo_Eje":3,"Eje":"GESTIÓN PARA LA \nATENCIÓN INTEGRAL DE \nPROBLEMAS/TRASTORNOS \nMENTALES , EPILEPSIA Y \nCONSUMO DE \nSUSTANCIAS \nPSICOACTIVAS, \nCONDUCTA SUICIDA Y \nVIOLENCIAS","Linea de estrategica":"Mantenimiento de la capacidad institucional para la vigilancia en salud pública de los eventos en Salud Mental a través del Sistema Nacional de Vigilancia en Salud Pública SIVIGILA y los reportes departamantales, que permitan el análisis de la situación en salud del Municipio.","Linea de Accion":"Reportar al 100% los eventos de salud mental que se presentan en el municipio en las bases de datos departamentales y el SIVIGILA","CODIGO_ACTIVIDAD":"302","DEPENDENCIA":"Integrantes de la Red de Salud Mental","Periodicidad":"Anual"}"
Estructura,303,"Fila sin nombre de actividad","{"PoliticaPublica":"PPM de Salud Mental 2023 - 2033","Codigo_Eje":3,"Eje":"GESTIÓN PARA LA \nATENCIÓN INTEGRAL DE \nPROBLEMAS/TRASTORNOS \nMENTALES , EPILEPSIA Y \nCONSUMO DE \nSUSTANCIAS \nPSICOACTIVAS, \nCONDUCTA SUICIDA Y \nVIOLENCIAS","Linea de estrategica":"Promoción para el acceso a servicios de atención en salud mental humanizados, por medio de capacitaciones y concientización al personal de salud","Linea de Accion":"Realizar 2 capacitaciones en trato humanizado al personal de salud","CODIGO_ACTIVIDAD":"303","Periodicidad":"Anual"}"
Estructura,304,"Fila sin nombre de actividad","{"PoliticaPublica":"PPM de Salud Mental 2023 - 2033","Codigo_Eje":3,"Eje":"GESTIÓN PARA LA \nATENCIÓN INTEGRAL DE \nPROBLEMAS/TRASTORNOS \nMENTALES , EPILEPSIA Y \nCONSUMO DE \nSUSTANCIAS \nPSICOACTIVAS, \nCONDUCTA SUICIDA Y \nVIOLENCIAS","Linea de estrategica":"Conformación de equipos interdisciplinarios desde la estrategia de atención Primaria en Salud para la Implementación de acciones que permitan la identificación/detección temprana, y canalización a servicios de atención integral en salud mental, de grupos de riesgo","Linea de Accion":"Conformar 1 equipo interdisciplinar para apoyar la Estrategia de Atención Primaria en Salud","CODIGO_ACTIVIDAD":"304","Periodicidad":"Anual"}"
Estructura,305,"Fila sin nombre de actividad","{"PoliticaPublica":"PPM de Salud Mental 2023 - 2033","Codigo_Eje":4,"Eje":"GESTIÓN PARA EL FORTALECIMIENTO TRANSECTORIAL Y COMUNITARIO EN SALUD MENTAL","Linea de estrategica":"Promoción del desarrollo de capacidades en profesionales, líderes comunitarios y comunidad en general, para fortalecer la capacidad de respuesta ante eventos estresantes y situaciones de emergencias y desastres que afecten la salud mental.","Linea de Accion":"Realizar 1  proceso de formación a profesionales, líderes y comunidad para fortalecer la capacidad de respuesta ante eventos estresantes y situaciones de emergencias y desastres que afecten la salud mental.","CODIGO_ACTIVIDAD":"401","DEPENDENCIA":"Integrantes de la Red de Salud Mental","Periodicidad":"Anual"}"
Estructura,306,"Fila sin nombre de actividad","{"PoliticaPublica":"PPM de Salud Mental 2023 - 2033","Codigo_Eje":4,"Eje":"GESTIÓN PARA EL FORTALECIMIENTO TRANSECTORIAL Y COMUNITARIO EN SALUD MENTAL","Linea de estrategica":"Promoción de  la generación de proyectos productivos en personas que presentan afectación en alguno de los eventos de salud mental, con el fin de promover la independencia y solvencia economica","Linea de Accion":"Aumentar en un 50% la creación de proyectos productivos y capacitaciones para la vida laboral en personas que tengan afectación por alguno de los eventos de salud mental","CODIGO_ACTIVIDAD":"402","Periodicidad":"Anual"}"
Usuarios,6,"Teléfono corto o irregular","Ing Sofia Moreno - sofimsma54"
Usuarios,8,"Teléfono corto o irregular","Dr. Israel Martinez - israel179737"
Usuarios,9,"Teléfono corto o irregular","Ing Valentina Valbuena - avalentinav16"
Usuarios,10,"Teléfono corto o irregular","Dra Ana Maria Henao - anamariahs"
Usuarios,14,"Teléfono corto o irregular","Ing Carlos Luna - carlosluna1793"
Usuarios,16,"Teléfono corto o irregular","Trabajadora Social Karen Bohorquez - tskarentatiana22"
Usuarios,17,"Teléfono corto o irregular","Wendy Ramirez - wetara29"
Usuarios,18,"Teléfono corto o irregular","Diana Rubio - pipo2026"
Usuarios,19,"Teléfono corto o irregular","Heidy Triviño - hmtrivino12"
Usuarios,20,"Teléfono corto o irregular","Doc Sara - sarav123"
Usuarios,21,"Teléfono corto o irregular","Sara Buitrago - sarab15"
Usuarios,24,"Teléfono corto o irregular","Alejandra Otelo - aotelo20"
Usuarios,25,"Teléfono corto o irregular","Secretaria de Turismo y Sectores Economicos - turismo10"
Usuarios,26,"Teléfono corto o irregular","Doc Angelica - angelicap123"
Formulario,231,"Avance sin conciliar","Crear 1 escuela de formación deportiva en zona urbana y rural (M47) (Dep: IMRDA, Pol: PPM de Mujer y Equidad de Genero 2022-2032)"
Formulario,232,"Avance sin conciliar","Garantizar anualmente el funcionamiento de 12 escuelas de formación deportiva en zona urbana y rural (M47) (Dep: IMRDA, Pol: PPM de Mujer y Equidad de Genero 2022-2032)"
Formulario,233,"Avance sin conciliar","Crear 1 escuela de formación deportiva en zona urbana y rural (M47) (Dep: IMRDA, Pol: PPM de Mujer y Equidad de Genero 2022-2032)"
Formulario,234,"Avance sin conciliar","Garantizar anualmente el funcionamiento de 12 escuelas de formación deportiva en zona urbana y rural (M47) (Dep: IMRDA, Pol: PPM de Mujer y Equidad de Genero 2022-2032)"
Formulario,242,"Avance sin conciliar","Fomentar la creación de 10 huertas para la poblacion de persona mayor, familiares y/o cuidadores en la zona rural y urbana, promoviendo prácticas sostenibles de producción de alimentos anualmente. (Dep: Secretaria de Desarrollo Rural, Pol: PPM de Envejecimiento y Vejez 2026 - 2036)"
Formulario,270,"Avance sin conciliar","Crear 1 escuela de formación deportiva en zona urbana y rural (M47) (Dep: IMRDA, Pol: PPM de Mujer y Equidad de Genero 2022-2032)"
Formulario,271,"Avance sin conciliar","Garantizar anualmente el funcionamiento de 12 escuelas de formación deportiva en zona urbana y rural (M47) (Dep: IMRDA, Pol: PPM de Mujer y Equidad de Genero 2022-2032)"
Formulario,272,"Avance sin conciliar","Crear 1 escuela de formación deportiva en zona urbana y rural (M47) (Dep: IMRDA, Pol: PPM de Mujer y Equidad de Genero 2022-2032)"
Formulario,273,"Avance sin conciliar","Garantizar anualmente el funcionamiento de 12 escuelas de formación deportiva en zona urbana y rural (M47) (Dep: IMRDA, Pol: PPM de Mujer y Equidad de Genero 2022-2032)"
Formulario,304,"Avance sin conciliar","Garantizar la atención a los niños y niñas de primera infancia en programas del 
ICBF (CDI, HCB, familiares, Fami y grupal), educación inicial en instituciones 
públicas o privadas (pre jardín, jardín, transición y grado 0) (Dep: Sec de Desarrollo Social - Direccion Mujer y Familia, Pol: PPM de Primera Infancia, Infancia y Adolescencia 2024 - 2034)"